CEL0561,,1,0.021860997424594186
CRD0624,,-1,-0.15593219461286556
JFC0557,,1,0.021860997424594186
ASD0577,,1,0.056083761016497535
MAR0955,,-1,-0.15593219461286556
GRM0868,,1,0.056083761016497535
AAL0706,,1,0.056083761016497535
RVC0232,,1,0.056083761016497535
TCD0009,,1,0.056083761016497535
ASM0575,,1,0.021860997424594186
DAR0885,,1,-0.009994713797404131
JLM0364,,1,-0.009994713797404131
FOB0756,,1,0.021860997424594186
GCG0951,,1,0.021860997424594186
HWY0038,,1,-0.009994713797404131
AAV0450,,1,0.056083761016497535
CJV0286,,1,0.021860997424594186
TDG0962,,-1,-0.23694417249746802
SVL0803,,1,0.056083761016497535
QOS0878,,1,0.021860997424594186
MDM0625,,1,0.021860997424594186
GMF0738,,1,0.056083761016497535
BER0314,,1,0.056083761016497535
AMR0400,,1,0.056083761016497535
YCE0983,,1,0.056083761016497535
BJW0619,,1,0.056083761016497535
DPS0262,,-1,-0.15593219461286556
TYB0779,,1,0.021860997424594186
MAS0025,,-1,-0.15593219461286556
KBL0260,,1,0.056083761016497535
GHL0460,,-1,-0.15593219461286556
FMG0527,,-1,-0.16603687934596545
HCL0651,,-1,-0.06507730170960946
SCP0130,,1,0.021860997424594186
CMW0783,,1,0.056083761016497535
RKF0164,,1,0.056083761016497535
DOL0332,,1,0.056083761016497535
RSC0089,,1,-0.009994713797404131
CCM0136,,-1,-0.06507730170960946
NCH0179,,1,0.056083761016497535
NBH0256,,1,0.056083761016497535
ORG0339,,1,0.056083761016497535
FRR0832,,1,0.056083761016497535
MSD0939,,1,0.056083761016497535
OQH0183,,1,0.056083761016497535
BSH0445,,1,0.056083761016497535
KSP0357,,1,-0.009994713797404131
NGO0690,,1,0.021860997424594186
VCC0396,,1,-0.009994713797404131
WDD0366,,1,-0.009994713797404131
KPP0452,,1,0.056083761016497535
RTO0313,,1,-0.009994713797404131
ABM0845,,-1,-0.06507730170960946
VIA0063,,1,0.056083761016497535
BIH0745,,-1,-0.15593219461286556
CCW0031,,1,0.056083761016497535
IYB0918,,1,0.056083761016497535
ORM0669,,1,0.021860997424594186
MJB0588,,1,0.056083761016497535
ALB0892,,1,0.056083761016497535
LIM0674,,1,-0.009994713797404131
LHN0151,,1,0.056083761016497535
WTR0563,,1,0.056083761016497535
MKS0204,,1,0.056083761016497535
AAW0353,,1,0.056083761016497535
WJD0576,,1,0.056083761016497535
ILH0958,,-1,-0.23694417249746802
TLK0993,,1,0.056083761016497535
WAB0143,,1,0.056083761016497535
RAG0275,,1,0.056083761016497535
LQC0479,,-1,-0.15593219461286556
KWC0004,,1,0.056083761016497535
CJK0200,,1,0.056083761016497535
FEB0306,,-1,-0.06507730170960946
IJM0776,,1,0.056083761016497535
NKH0807,,1,0.056083761016497535
JMC0925,,1,-0.009994713797404131
SBH0537,,1,0.021860997424594186
JJB0700,,1,0.021860997424594186
AIS0405,,1,0.056083761016497535
HAH0760,,1,0.021860997424594186
AHD0848,,-1,-0.06507730170960946
LDM0587,,1,0.056083761016497535
AJN0607,,1,0.021860997424594186
BBS0039,,1,-0.009994713797404131
EIS0041,,1,-0.009994713797404131
MLG0475,,1,0.056083761016497535
HRD0635,,1,-0.009994713797404131
EPW0434,,1,0.056083761016497535
JAM0382,,1,0.056083761016497535
NCK0295,,1,0.056083761016497535
LJT0817,,-1,-0.06507730170960946
CAM0102,,1,0.056083761016497535
SOG0411,,1,0.056083761016497535
KSH0569,,1,0.056083761016497535
BDI0533,,1,0.021860997424594186
PMJ0564,,1,-0.009994713797404131
HGG0240,,1,0.056083761016497535
MGS0974,,1,0.021860997424594186
DHM0937,,1,0.056083761016497535
ENC0234,,1,0.021860997424594186
CEB0210,,1,0.056083761016497535
YJV0699,,1,0.056083761016497535
BMT0528,,1,0.021860997424594186
CJC0494,,1,0.056083761016497535
SOB0360,,1,-0.009994713797404131
GCS0571,,-1,-0.06507730170960946
BJP0134,,1,0.021860997424594186
KBP0008,,-1,-0.23694417249746802
FLM0213,,1,0.056083761016497535
RRP0568,,1,0.021860997424594186
MCF0600,,1,-0.009994713797404131
SAA0999,,1,0.021860997424594186
THR0873,,1,-0.009994713797404131
KRM0541,,1,0.021860997424594186
KSP0966,,1,0.056083761016497535
LOF0311,,1,0.056083761016497535
MBR0724,,1,0.056083761016497535
FSC0601,,1,0.021860997424594186
MLP0668,,1,0.056083761016497535
CUD0795,,1,0.056083761016497535
AKR0057,,-1,-0.06507730170960946
GZC0735,,1,0.021860997424594186
HLH0512,,1,0.021860997424594186
NJB0243,,1,0.021860997424594186
GCS0518,,1,0.056083761016497535
NMC0486,,1,0.056083761016497535
KMB0922,,1,-0.009994713797404131
CFM0767,,1,-0.009994713797404131
HAD0246,,1,-0.009994713797404131
ANP0555,,1,0.056083761016497535
LBF0214,,1,-0.009994713797404131
DJB0159,,1,0.021860997424594186
BWP0202,,-1,-0.2212643977173182
FFC0891,,1,-0.009994713797404131
AJR0932,,-1,-0.15593219461286556
BDV0168,,-1,-0.15593219461286556
CQH0730,,1,0.056083761016497535
JCR0289,,1,0.056083761016497535
AES0827,,1,0.056083761016497535
SLP0762,,1,0.056083761016497535
CLD0894,,1,0.056083761016497535
LCD0622,,1,0.056083761016497535
CMB0912,,1,0.021860997424594186
ZKS0899,,1,0.021860997424594186
JCV0245,,1,0.056083761016497535
AMH0794,,1,0.056083761016497535
FKB0163,,1,0.056083761016497535
AKC0924,,1,0.056083761016497535
ILR0304,,1,0.056083761016497535
AJF0370,,1,-0.009994713797404131
OKC0107,,1,0.056083761016497535
OCS0865,,1,0.021860997424594186
UJC0737,,1,0.056083761016497535
MBW0809,,1,0.056083761016497535
MCF0327,,1,0.056083761016497535
SGS0268,,1,0.056083761016497535
BNG0237,,1,0.021860997424594186
OSH0655,,1,0.056083761016497535
CSB0080,,1,0.056083761016497535
ERH0449,,1,0.056083761016497535
EGK0893,,1,0.056083761016497535
MMB0488,,1,0.056083761016497535
AAM0658,,-1,-0.09860202487113467
ESA0642,,1,0.056083761016497535
CRK0916,,1,-0.009994713797404131
BBH0810,,1,0.056083761016497535
JRF0835,,1,0.056083761016497535
SJC0333,,-1,-0.06507730170960946
HCS0003,,1,0.056083761016497535
EMB0531,,1,0.021860997424594186
JIM0095,,1,0.056083761016497535
KJS0618,,1,0.056083761016497535
EBC0390,,1,0.056083761016497535
WGS0516,,1,0.056083761016497535
NGF0157,,1,-0.009994713797404131
KAT0489,,1,0.056083761016497535
CCH0685,,-1,-0.06507730170960946
DMM0623,,1,0.021860997424594186
SAH0599,,1,0.056083761016497535
CPG0322,,1,0.021860997424594186
OBH0499,,1,-0.009994713797404131
SNS0129,,1,0.056083761016497535
PKB0429,,1,0.056083761016497535
NAH0503,,1,-0.009994713797404131
FRB0023,,1,0.056083761016497535
AHG0634,,1,-0.009994713797404131
CWB0065,,-1,-0.23694417249746802
ATP0662,,1,-0.009994713797404131
DPM0423,,-1,-0.06507730170960946
WKF0012,,1,0.056083761016497535
JMB0308,,-1,-0.15593219461286556
AKF0709,,1,0.056083761016497535
JMH0543,,1,0.021860997424594186
CJF0802,,1,-0.009994713797404131
IRM0931,,-1,-0.2212643977173182
FQA0854,,1,0.021860997424594186
CYA0506,,1,0.056083761016497535
GRC0145,,1,0.056083761016497535
BLS0678,,1,-0.009994713797404131
HJB0742,,1,-0.009994713797404131
KKS0119,,1,0.021860997424594186
RAB0589,,1,-0.009994713797404131
DBB0384,,1,0.056083761016497535
TRK0914,,1,0.056083761016497535
BSA0431,,1,0.056083761016497535
RHL0992,,-1,-0.06507730170960946
CIM0926,,-1,-0.16603687934596545
CFG0959,,1,0.021860997424594186
VMJ0147,,1,0.056083761016497535
SAT0194,,1,0.056083761016497535
HBO0413,,1,0.056083761016497535
DZC0228,,1,0.056083761016497535
TEB0251,,1,0.021860997424594186
MNR0829,,1,0.056083761016497535
DOP0562,,1,0.056083761016497535
UAD0771,,1,0.021860997424594186
ALD0544,,1,0.056083761016497535
LCB0664,,1,0.021860997424594186
HCL0113,,1,0.056083761016497535
TSB0437,,1,0.056083761016497535
EZH0736,,1,0.056083761016497535
JCG0316,,1,0.021860997424594186
MSG0839,,1,0.056083761016497535
LJJ0905,,1,0.021860997424594186
HCM0267,,1,0.056083761016497535
MTB0620,,1,0.021860997424594186
CCH0182,,1,0.056083761016497535
CAM0681,,1,0.021860997424594186
LBH0942,,1,0.021860997424594186
CAB0388,,1,0.021860997424594186
WGR0833,,1,0.056083761016497535
MTT0901,,1,0.021860997424594186
GQF0659,,1,0.056083761016497535
CSP0197,,-1,-0.06507730170960946
OMM0944,,1,0.056083761016497535
IMP0530,,1,0.056083761016497535
ORB0473,,1,0.056083761016497535
JML0909,,1,0.021860997424594186
NDM0417,,1,0.021860997424594186
FRL0511,,1,0.056083761016497535
LAP0338,,1,0.021860997424594186
HCV0478,,1,0.021860997424594186
KJA0152,,1,0.056083761016497535
ECF0828,,1,0.056083761016497535
BVN0514,,1,0.021860997424594186
BSS0463,,1,0.021860997424594186
JJM0203,,1,0.021860997424594186
AIM0627,,1,0.056083761016497535
RAH0440,,1,0.056083761016497535
XHG0902,,1,0.056083761016497535
TDJ0998,,1,0.021860997424594186
JPA0667,,1,0.056083761016497535
EHR0096,,1,0.056083761016497535
SJW0451,,1,0.056083761016497535
CNB0900,,1,0.056083761016497535
EAH0466,,1,0.021860997424594186
CTA0020,,1,0.021860997424594186
SRS0231,,1,0.056083761016497535
HWH0646,,1,0.021860997424594186
HKB0418,,1,0.056083761016497535
CCM0855,,1,0.056083761016497535
SED0886,,1,-0.009994713797404131
LBC0356,,1,-0.009994713797404131
CKH0144,,1,0.056083761016497535
MBG0438,,1,0.056083761016497535
MVF0594,,1,0.056083761016497535
ATF0274,,1,0.056083761016497535
KTG0091,,1,0.056083761016497535
ACC0042,,1,-0.009994713797404131
AKW0167,,1,0.056083761016497535
KPR0497,,1,0.021860997424594186
ABN0239,,1,0.021860997424594186
CKB0482,,1,0.056083761016497535
AMH0464,,1,0.056083761016497535
QCH0110,,1,0.056083761016497535
SGG0787,,1,0.021860997424594186
SIJ0661,,1,0.056083761016497535
BTW0005,,1,0.021860997424594186
RLB0719,,-1,-0.15593219461286556
WDO0870,,1,-0.009994713797404131
KCB0815,,1,0.021860997424594186
VCY0751,,1,0.021860997424594186
BAJ0654,,-1,-0.06507730170960946
MKL0941,,1,0.056083761016497535
EGD0409,,1,0.021860997424594186
DBS0235,,-1,-0.06507730170960946
JJH0613,,1,0.021860997424594186
UFK0208,,1,0.021860997424594186
BLB0114,,-1,-0.06507730170960946
CKD0680,,1,0.056083761016497535
MKG0711,,1,0.056083761016497535
EDA0684,,1,-0.009994713797404131
IIL0513,,1,0.056083761016497535
TSM0363,,1,-0.009994713797404131
PBP0002,,1,0.056083761016497535
LHB0606,,1,0.056083761016497535
GTD0898,,1,0.056083761016497535
CJH0702,,1,0.056083761016497535
DMK0257,,1,-0.009994713797404131
WIQ0567,,1,0.021860997424594186
PTH0830,,1,0.056083761016497535
NCO0666,,1,0.021860997424594186
MHG0733,,1,0.056083761016497535
RAW0915,,-1,-0.06507730170960946
HAM0985,,1,0.056083761016497535
SAB0781,,1,0.021860997424594186
IBM0671,,1,0.021860997424594186
YDN0198,,1,0.021860997424594186
GAF0060,,1,0.056083761016497535
AMM0014,,1,0.056083761016497535
AMV0036,,1,0.056083761016497535
MOP0763,,1,0.056083761016497535
CBG0490,,1,0.056083761016497535
CNE0352,,1,0.056083761016497535
GQP0743,,1,0.056083761016497535
PTH0552,,1,0.021860997424594186
GLR0975,,1,0.021860997424594186
GTD0219,,1,-0.009994713797404131
BKW0374,,1,-0.009994713797404131
CAH0936,,1,-0.009994713797404131
AIP0982,,1,0.021860997424594186
KRV0372,,1,-0.009994713797404131
IAT0263,,1,0.056083761016497535
JBD0616,,1,0.021860997424594186
RUM0880,,1,-0.009994713797404131
DGM0754,,1,0.056083761016497535
SMY0792,,1,0.021860997424594186
HOB0994,,1,0.056083761016497535
DGN0480,,1,0.056083761016497535
KJJ0293,,1,0.021860997424594186
JXH0493,,1,0.056083761016497535
PGH0184,,1,0.021860997424594186
JPW0741,,1,0.056083761016497535
NMG0766,,1,0.056083761016497535
HMW0713,,1,0.056083761016497535
MAH0864,,1,0.056083761016497535
QNF0205,,1,0.056083761016497535
KKW0879,,1,-0.009994713797404131
TEM0093,,1,0.056083761016497535
RVF0201,,1,0.021860997424594186
TMA0069,,1,0.056083761016497535
VFM0814,,-1,-0.06507730170960946
SBN0866,,-1,-0.15593219461286556
ZJE0857,,1,0.021860997424594186
HPM0986,,1,0.056083761016497535
CJP0952,,1,-0.009994713797404131
DRR0162,,1,0.056083761016497535
ESR0693,,-1,-0.06507730170960946
CWR0502,,1,0.021860997424594186
SLB0049,,1,0.056083761016497535
IDO0176,,1,0.056083761016497535
AGB0186,,1,0.056083761016497535
RJB0088,,1,0.056083761016497535
OCB0805,,1,0.056083761016497535
ETR0428,,1,0.021860997424594186
IKP0472,,1,0.021860997424594186
LHB0967,,1,0.056083761016497535
CCM0467,,1,0.056083761016497535
GKO0078,,-1,-0.23694417249746802
GNS0178,,1,-0.009994713797404131
SSS0345,,1,0.056083761016497535
LOM0086,,1,0.021860997424594186
SSR0278,,1,0.056083761016497535
ALH0402,,1,0.056083761016497535
AKK0329,,1,0.056083761016497535
EWH0191,,1,0.021860997424594186
TVS0050,,1,-0.009994713797404131
TUC0632,,1,0.056083761016497535
SKG0759,,1,0.056083761016497535
IMG0320,,1,0.056083761016497535
BBG0325,,1,0.021860997424594186
CTW0500,,1,0.056083761016497535
SBN0495,,1,0.056083761016497535
ELH0960,,1,0.056083761016497535
BMS0877,,1,0.056083761016497535
TSG0906,,1,0.021860997424594186
RKD0604,,-1,-0.15593219461286556
JMK0099,,1,0.021860997424594186
MKP0861,,1,0.021860997424594186
HIW0536,,1,0.056083761016497535
CTR0697,,1,-0.009994713797404131
BHC0665,,1,0.021860997424594186
DCH0843,,-1,-0.15593219461286556
WIF0691,,-1,-0.06507730170960946
HWM0342,,1,0.021860997424594186
MNC0717,,1,0.021860997424594186
ARB0881,,1,0.056083761016497535
AHC0142,,1,0.021860997424594186
ZFM0468,,1,0.056083761016497535
DIW0118,,1,0.021860997424594186
USH0199,,1,0.056083761016497535
MAD0753,,1,0.056083761016497535
KDS0349,,1,0.056083761016497535
LJB0826,,1,0.056083761016497535
FKK0055,,1,0.021860997424594186
TAP0551,,1,-0.009994713797404131
FPC0954,,1,0.056083761016497535
GBM0603,,1,0.056083761016497535
CXC0336,,1,0.056083761016497535
HMM0108,,-1,-0.06507730170960946
FDE0117,,1,0.056083761016497535
FUM0015,,1,0.056083761016497535
NAB0801,,1,0.056083761016497535
GJT0386,,1,0.056083761016497535
KAC0124,,1,0.056083761016497535
RGH0728,,1,0.056083761016497535
CCR0863,,1,0.056083761016497535
TTD1000,,1,0.056083761016497535
OKB0439,,1,0.056083761016497535
XAA0104,,1,0.021860997424594186
RFP0380,,1,0.056083761016497535
JTS0389,,1,0.021860997424594186
CMS0454,,1,0.056083761016497535
JKB0126,,1,0.056083761016497535
LAM0911,,1,0.021860997424594186
GCC0744,,1,0.056083761016497535
CLH0703,,1,0.056083761016497535
KMW0545,,1,0.021860997424594186
PSF0133,,1,0.056083761016497535
NHH0185,,-1,-0.06507730170960946
NCE0097,,1,0.056083761016497535
CCL0068,,1,0.056083761016497535
AJC0840,,1,0.056083761016497535
GCC0945,,1,0.056083761016497535
NAB0903,,1,0.056083761016497535
AOS0987,,-1,-0.06507730170960946
JAD0609,,1,0.021860997424594186
AMW0392,,1,0.021860997424594186
FIR0920,,-1,-0.06507730170960946
RNP0211,,1,0.021860997424594186
RHY0079,,-1,-0.06507730170960946
CLS0296,,1,0.056083761016497535
JSA0775,,1,0.056083761016497535
RDM0115,,1,0.056083761016497535
JKM0303,,1,0.056083761016497535
IJM0139,,1,0.056083761016497535
SVL0940,,1,0.056083761016497535
LDG0459,,1,0.021860997424594186
ROB0272,,1,0.056083761016497535
LNS0989,,-1,-0.06507730170960946
CNM0800,,1,0.056083761016497535
HGN0287,,1,0.056083761016497535
KMS0657,,1,0.056083761016497535
BMG0917,,1,-0.009994713797404131
HVB0037,,1,0.056083761016497535
PNH0761,,1,-0.009994713797404131
JLW0053,,1,0.056083761016497535
JNA0559,,1,0.056083761016497535
OYM0026,,-1,-0.06507730170960946
NIH0969,,1,0.021860997424594186
RCC0617,,1,0.056083761016497535
GJD0298,,1,0.056083761016497535
MLL0598,,1,0.056083761016497535
DSM0591,,1,0.056083761016497535
BTL0226,,1,-0.009994713797404131
SBN0971,,1,0.056083761016497535
CCW0524,,1,0.056083761016497535
IWM0816,,1,0.021860997424594186
JOL0024,,1,0.056083761016497535
ENL0100,,1,0.056083761016497535
TIW0299,,1,0.056083761016497535
ZSK0258,,1,0.056083761016497535
CGF0337,,1,0.056083761016497535
EHB0420,,1,-0.009994713797404131
RGN0408,,1,0.056083761016497535
FHO0630,,1,0.056083761016497535
JKJ0698,,1,0.021860997424594186
SCF0608,,1,0.056083761016497535
BVC0790,,1,-0.009994713797404131
NRF0137,,1,0.056083761016497535
HDD0789,,1,0.056083761016497535
IEB0153,,1,0.021860997424594186
ICH0294,,-1,-0.06507730170960946
ZSL0305,,1,0.056083761016497535
AJP0723,,1,0.056083761016497535
GDF0704,,1,0.021860997424594186
TJD0996,,1,0.056083761016497535
OMS0101,,1,0.056083761016497535
BCM0653,,1,0.056083761016497535
BDB0453,,-1,-0.15593219461286556
NCK0421,,1,0.056083761016497535
LPH0572,,1,0.056083761016497535
MFV0897,,1,0.056083761016497535
MAH0149,,1,0.021860997424594186
ECR0822,,1,0.056083761016497535
POB0343,,1,0.056083761016497535
IRT0491,,1,0.056083761016497535
HKI0171,,1,0.056083761016497535
DIB0285,,1,0.056083761016497535
IAR0694,,-1,-0.06507730170960946
CMM0487,,1,0.056083761016497535
LCC0819,,1,0.056083761016497535
AGB0643,,1,0.056083761016497535
PID0426,,1,-0.009994713797404131
HLM0933,,1,0.056083761016497535
KRL0062,,1,0.056083761016497535
MPM0220,,1,-0.009994713797404131
JDB0169,,1,0.021860997424594186
AAS0442,,1,0.021860997424594186
ZJS0269,,1,0.056083761016497535
CJM0521,,1,0.056083761016497535
MDH0580,,1,0.056083761016497535
JRS0362,,1,-0.009994713797404131
WXH0872,,1,-0.009994713797404131
MHA0798,,1,0.056083761016497535
JZD0888,,1,0.056083761016497535
HDD0806,,-1,-0.06507730170960946
BSB0990,,1,0.056083761016497535
ALC0788,,1,0.056083761016497535
JCR0921,,1,0.056083761016497535
RRA0938,,1,0.021860997424594186
SHW0578,,1,0.056083761016497535
GCL0016,,1,0.021860997424594186
GOK0238,,1,0.056083761016497535
BCB0679,,1,0.021860997424594186
IHK0841,,1,0.056083761016497535
SAP0867,,1,0.056083761016497535
ALD0529,,1,0.021860997424594186
KRG0158,,1,0.056083761016497535
TJB0302,,1,0.056083761016497535
ILC0838,,1,0.056083761016497535
RIH0777,,1,0.056083761016497535
HCW0419,,1,0.021860997424594186
DAL0673,,1,0.021860997424594186
RMS0266,,1,0.056083761016497535
KDT0346,,1,0.021860997424594186
KAL0395,,1,0.056083761016497535
ARD0509,,1,0.021860997424594186
BTL0722,,1,0.056083761016497535
WPE0538,,1,0.056083761016497535
CLF0852,,1,0.021860997424594186
HJA0018,,1,0.021860997424594186
MIM0712,,1,0.056083761016497535
CEJ0109,,1,0.056083761016497535
JCW0858,,1,0.056083761016497535
DFR0218,,1,-0.009994713797404131
BAL0044,,-1,-0.2212643977173182
ASS0206,,1,0.056083761016497535
IUB0565,,1,0.056083761016497535
ASG0048,,1,0.056083761016497535
TET0621,,1,0.021860997424594186
ARA0252,,1,0.021860997424594186
AMR0318,,1,-0.009994713797404131
WTF0387,,1,0.056083761016497535
AJL0462,,1,-0.009994713797404131
SDF0017,,1,0.056083761016497535
RDM0150,,1,0.056083761016497535
HKF0831,,1,0.056083761016497535
DGF0443,,1,0.056083761016497535
CAB0614,,1,0.021860997424594186
DBG0261,,1,0.056083761016497535
ZDW0859,,1,0.021860997424594186
UCH0519,,1,0.056083761016497535
CAC0889,,1,0.056083761016497535
EHD0584,,1,-0.009994713797404131
OLB0749,,1,0.056083761016497535
BWH0813,,1,0.056083761016497535
DMG0358,,1,-0.009994713797404131
MAE0331,,1,0.056083761016497535
AMD0077,,1,0.056083761016497535
XLB0710,,1,0.056083761016497535
DAG0558,,1,0.056083761016497535
WLV0566,,1,0.056083761016497535
EHB0824,,-1,-0.15593219461286556
FBW0747,,1,0.021860997424594186
SNC0187,,1,0.056083761016497535
IBB0359,,1,-0.009994713797404131
RAM0447,,1,0.021860997424594186
AJD0074,,1,0.021860997424594186
MSH0040,,1,-0.009994713797404131
QJR0688,,-1,-0.06507730170960946
HTF0641,,1,0.056083761016497535
RDT0424,,-1,-0.06507730170960946
XRS0633,,1,0.021860997424594186
RLG0856,,1,-0.009994713797404131
MLD0755,,1,0.021860997424594186
MOS0047,,-1,-0.2212643977173182
ETR0177,,1,0.056083761016497535
RYB0718,,1,0.056083761016497535
AAE0190,,1,0.056083761016497535
NAF0033,,1,0.056083761016497535
DVM0265,,1,0.021860997424594186
JFC0757,,1,0.056083761016497535
AOB0019,,1,0.056083761016497535
AIP0394,,1,-0.009994713797404131
JJB0127,,1,0.056083761016497535
MCS0035,,1,0.056083761016497535
ABC0253,,1,0.021860997424594186
TQS0212,,1,0.021860997424594186
RSM0277,,-1,-0.23694417249746802
JER0404,,1,0.056083761016497535
CIG0052,,1,0.056083761016497535
IIW0249,,1,-0.009994713797404131
HVF0067,,-1,-0.06507730170960946
HWW0436,,1,-0.009994713797404131
PEV0323,,1,-0.009994713797404131
PGO0433,,1,0.056083761016497535
MVB0515,,1,0.021860997424594186
TJG0582,,1,0.056083761016497535
SRH0155,,1,-0.009994713797404131
IJM0444,,1,-0.009994713797404131
CIM0271,,1,0.021860997424594186
CSL0949,,1,0.056083761016497535
AAN0823,,1,0.056083761016497535
JGT0221,,1,-0.009994713797404131
AKH0758,,1,0.056083761016497535
HSG0818,,1,0.021860997424594186
MIL0255,,1,0.056083761016497535
JGM0934,,1,0.021860997424594186
KCO0122,,1,-0.009994713797404131
SGB0140,,-1,-0.06507730170960946
NAF0326,,1,0.021860997424594186
IUY0279,,-1,-0.06507730170960946
EIM0156,,1,0.056083761016497535
ABH0663,,1,0.056083761016497535
EZT0640,,-1,-0.06507730170960946
BAK0964,,1,0.056083761016497535
JCC0225,,1,-0.009994713797404131
EMW0105,,1,0.056083761016497535
KLH0596,,-1,-0.16603687934596545
SJF0094,,1,0.056083761016497535
CSJ0340,,1,0.056083761016497535
RMW0542,,1,0.056083761016497535
JHP0583,,1,-0.009994713797404131
HSD0457,,1,0.056083761016497535
YWW0660,,1,0.056083761016497535
PGC0066,,1,0.056083761016497535
MSO0222,,1,-0.009994713797404131
WDV0573,,1,-0.009994713797404131
QRM0739,,1,0.021860997424594186
ASS0517,,1,0.021860997424594186
LUR0896,,1,-0.009994713797404131
ESH0283,,-1,-0.06507730170960946
WBC0192,,1,0.021860997424594186
PLH0715,,1,0.056083761016497535
VSA0230,,-1,-0.06507730170960946
KJG0910,,1,0.056083761016497535
DBW0483,,1,0.056083761016497535
KBC0054,,1,0.056083761016497535
CSC0217,,1,-0.009994713797404131
BRS0734,,1,0.056083761016497535
KNB0022,,1,0.056083761016497535
PIS0522,,1,0.021860997424594186
ADD0846,,1,0.056083761016497535
MAD0496,,1,0.056083761016497535
NKP0236,,-1,-0.15593219461286556
VLB0647,,1,0.056083761016497535
DKB0631,,1,0.056083761016497535
KES0729,,1,0.021860997424594186
IBB0696,,1,0.021860997424594186
BLL0929,,1,0.056083761016497535
ABC0174,,1,0.021860997424594186
HAH0248,,1,0.056083761016497535
NBC0412,,1,0.056083761016497535
CRP0456,,1,0.056083761016497535
JIG0128,,1,0.056083761016497535
IJR0825,,1,0.056083761016497535
XWD0923,,1,0.021860997424594186
LDD0560,,1,-0.009994713797404131
ESH0135,,1,0.056083761016497535
RHO0732,,1,-0.009994713797404131
DGW0752,,1,0.021860997424594186
HPR0585,,1,0.021860997424594186
TBT0461,,1,0.056083761016497535
SAK0375,,1,-0.009994713797404131
BJH0811,,1,0.056083761016497535
TVS0006,,1,0.021860997424594186
FAW0032,,-1,-0.06507730170960946
WSR0241,,-1,-0.06507730170960946
LRW0970,,1,0.056083761016497535
ZMC0284,,1,0.056083761016497535
SAC0687,,1,0.056083761016497535
CKB0427,,1,0.056083761016497535
BTS0011,,1,0.056083761016497535
IIA0092,,1,0.056083761016497535
WKD0013,,1,-0.009994713797404131
JNJ0556,,1,0.056083761016497535
TLH0648,,1,0.056083761016497535
IBP0883,,1,-0.009994713797404131
WAS0254,,1,0.021860997424594186
QNP0216,,1,-0.009994713797404131
KLM0639,,1,0.056083761016497535
AIB0948,,-1,-0.23694417249746802
RBB0485,,1,0.056083761016497535
RZC0746,,1,0.021860997424594186
MDM0976,,1,0.056083761016497535
XBN0229,,1,0.056083761016497535
SMH0291,,-1,-0.06507730170960946
MCD0125,,-1,-0.06507730170960946
MHG0244,,1,0.056083761016497535
RAS0432,,1,0.021860997424594186
EIP0997,,1,0.056083761016497535
EMW0772,,1,0.021860997424594186
SBQ0786,,1,0.056083761016497535
PDH0716,,1,0.021860997424594186
GZB0469,,1,0.056083761016497535
NMB0972,,1,0.056083761016497535
ONL0276,,1,0.056083761016497535
MBJ0312,,1,0.021860997424594186
DRR0242,,1,0.056083761016497535
AJH0175,,1,-0.009994713797404131
LQP0508,,1,0.021860997424594186
DVW0103,,1,0.056083761016497535
SMB0804,,1,0.056083761016497535
KBG0549,,1,0.021860997424594186
BAH0875,,1,-0.009994713797404131
SLT0907,,1,0.056083761016497535
JAV0361,,1,-0.009994713797404131
COM0321,,1,0.056083761016497535
CCC0393,,1,0.056083761016497535
QSV0778,,1,0.056083761016497535
BMC0547,,1,0.056083761016497535
AWM0764,,1,0.056083761016497535
FXF0957,,1,0.056083761016497535
SVS0871,,1,0.021860997424594186
DJS0682,,1,0.056083761016497535
NHE0919,,1,0.021860997424594186
MPT0376,,1,0.021860997424594186
AQD0820,,1,0.056083761016497535
YEV0793,,1,0.056083761016497535
ZCF0590,,1,0.056083761016497535
KQC0708,,1,0.056083761016497535
LJR0523,,-1,-0.15593219461286556
CQH0701,,1,0.021860997424594186
PDW0259,,1,0.021860997424594186
FWM0707,,1,0.021860997424594186
HDS0367,,1,-0.009994713797404131
JRH0455,,1,0.056083761016497535
SER0165,,1,0.056083761016497535
SBD0913,,1,0.056083761016497535
JKF0465,,1,0.056083761016497535
CFW0264,,1,0.056083761016497535
BNR0965,,1,0.021860997424594186
ASV0946,,1,0.021860997424594186
KNG0672,,1,0.056083761016497535
NNA0610,,1,0.056083761016497535
KQS0415,,1,0.056083761016497535
MHH0180,,1,0.021860997424594186
EGD0132,,1,0.056083761016497535
VTT0385,,1,0.021860997424594186
ASG0692,,1,0.056083761016497535
WPR0368,,1,-0.009994713797404131
HAV0121,,1,0.056083761016497535
HCC0344,,1,0.056083761016497535
UBF0645,,1,0.056083761016497535
TSR0676,,1,0.021860997424594186
NKH0979,,1,0.021860997424594186
SXM0895,,1,0.056083761016497535
KCS0173,,1,0.021860997424594186
CCA0046,,1,-0.009994713797404131
PMV0850,,-1,-0.06507730170960946
PKB0281,,1,0.056083761016497535
MIC0726,,1,0.056083761016497535
SDO0170,,1,0.021860997424594186
VAA0087,,1,0.021860997424594186
ELB0847,,-1,-0.06507730170960946
SBK0161,,-1,-0.06507730170960946
ASL0378,,1,0.021860997424594186
TLM0797,,1,0.056083761016497535
SOF0808,,1,0.056083761016497535
SGM0021,,1,0.021860997424594186
MYD0978,,-1,-0.15593219461286556
FBA0348,,-1,-0.16603687934596545
ARL0034,,1,0.056083761016497535
YJF0532,,1,0.021860997424594186
RJM0381,,1,0.021860997424594186
VSS0154,,1,0.056083761016497535
JMW0638,,1,0.056083761016497535
IKR0401,,1,0.056083761016497535
EMS0317,,1,0.056083761016497535
FTM0406,,-1,-0.15593219461286556
RAR0725,,1,0.056083761016497535
MNS0224,,1,-0.009994713797404131
WVB0539,,1,0.056083761016497535
SSG0250,,1,0.021860997424594186
MLM0950,,1,-0.009994713797404131
HPH0075,,1,0.021860997424594186
VMJ0546,,1,0.021860997424594186
NLO0131,,1,0.056083761016497535
PES0085,,1,0.021860997424594186
OHC0973,,1,0.056083761016497535
NMF0780,,1,0.056083761016497535
LEM0605,,1,0.056083761016497535
BEC0505,,1,0.056083761016497535
OLF0504,,1,0.056083761016497535
KVS0425,,1,0.056083761016497535
AJR0319,,1,0.021860997424594186
DLS0383,,1,0.021860997424594186
BCR0581,,-1,-0.06507730170960946
LDB0090,,1,0.056083761016497535
GAF0570,,1,0.021860997424594186
NNS0059,,1,0.056083761016497535
JRL0574,,1,0.056083761016497535
NSS0876,,1,0.056083761016497535
SOB0586,,1,0.056083761016497535
DDA0476,,1,0.056083761016497535
DEB0782,,1,0.056083761016497535
OLW0689,,1,0.021860997424594186
MMG0943,,1,0.021860997424594186
RNL0695,,1,0.021860997424594186
LNR0656,,1,0.056083761016497535
AMJ0297,,1,0.056083761016497535
HRL0540,,-1,-0.06507730170960946
DLF0377,,1,0.056083761016497535
MVH0373,,-1,-0.0957794704440228
TPH0474,,1,0.056083761016497535
KCF0045,,1,-0.009994713797404131
BIS0247,,1,-0.009994713797404131
MSS0001,,1,0.021860997424594186
EFS0882,,1,0.056083761016497535
NWK0215,,1,-0.009994713797404131
PNL0301,,1,0.056083761016497535
CSH0626,,1,-0.009994713797404131
BHW0458,,1,0.056083761016497535
SSH0799,,1,0.021860997424594186
ANM0123,,-1,-0.06507730170960946
CAS0507,,1,-0.009994713797404131
DID0650,,1,0.056083761016497535
KAT0270,,1,0.056083761016497535
TEM0977,,1,0.056083761016497535
SHR0334,,1,0.056083761016497535
JDC0030,,-1,-0.06507730170960946
CKP0721,,1,0.056083761016497535
HIA0414,,1,0.056083761016497535
HSP0290,,1,0.056083761016497535
HRW0550,,1,0.056083761016497535
KBB0189,,1,0.056083761016497535
CBB0365,,1,-0.009994713797404131
DLH0029,,1,0.056083761016497535
NRO0768,,1,0.056083761016497535
NWT0098,,1,0.056083761016497535
QPM0727,,1,0.056083761016497535
KVT0028,,1,0.056083761016497535
LFS0071,,1,0.056083761016497535
WNB0908,,1,0.021860997424594186
PAD0773,,1,0.021860997424594186
BJH0354,,1,0.056083761016497535
ONW0083,,1,0.056083761016497535
SSJ0784,,1,-0.009994713797404131
KJP0371,,1,-0.009994713797404131
IMB0481,,1,0.056083761016497535
BQS0525,,1,0.021860997424594186
BTR0403,,-1,-0.06507730170960946
DLM0051,,-1,-0.23694417249746802
AHM0410,,-1,-0.06507730170960946
CHM0821,,1,-0.009994713797404131
JBM0350,,1,-0.009994713797404131
JRG0207,,1,-0.009994713797404131
PLH0862,,1,0.056083761016497535
RCP0785,,1,0.056083761016497535
NSC0597,,-1,-0.06507730170960946
AVM0947,,1,0.021860997424594186
MSZ0310,,1,0.056083761016497535
SDB0106,,-1,-0.06507730170960946
HAC0282,,1,0.056083761016497535
HSB0196,,-1,-0.15593219461286556
ASB0796,,1,0.056083761016497535
WRM0963,,1,0.021860997424594186
BRM0995,,-1,-0.06507730170960946
SES0477,,1,0.021860997424594186
JTM0223,,-1,-0.2212643977173182
RNF0765,,1,0.056083761016497535
GNZ0953,,1,0.021860997424594186
HRB0351,,1,0.021860997424594186
ZSB0649,,1,0.056083761016497535
ADC0391,,1,0.021860997424594186
PMC0328,,1,0.021860997424594186
ILJ0526,,1,0.021860997424594186
ANT0430,,1,0.021860997424594186
DFH0188,,-1,-0.06507730170960946
LLV0602,,1,0.056083761016497535
GCR0554,,1,0.056083761016497535
SJO0209,,1,0.021860997424594186
NGC0058,,-1,-0.06507730170960946
YIC0195,,-1,-0.06507730170960946
EDB0714,,1,0.056083761016497535
LHL0309,,1,0.056083761016497535
HFB0347,,1,0.056083761016497535
EJW0884,,1,0.056083761016497535
CRO0027,,1,-0.009994713797404131
HKR0628,,1,0.021860997424594186
GTD0116,,1,0.056083761016497535
DSB0731,,1,0.056083761016497535
COF0120,,-1,-0.15593219461286556
HDJ0446,,1,0.056083761016497535
CHG0146,,1,0.056083761016497535
AIH0675,,1,0.056083761016497535
TNM0961,,-1,-0.23694417249746802
APG0307,,1,0.056083761016497535
RHC0335,,1,0.056083761016497535
CQW0652,,1,0.056083761016497535
HJS0072,,1,0.021860997424594186
XHW0498,,1,0.056083761016497535
IJW0851,,1,0.056083761016497535
NAR0981,,1,0.056083761016497535
NUL0471,,1,0.021860997424594186
DIB0081,,1,0.021860997424594186
BSS0369,,1,-0.009994713797404131
MIB0904,,1,0.021860997424594186
AAF0535,,1,0.056083761016497535
HBB0056,,1,0.056083761016497535
MCJ0324,,1,0.056083761016497535
HDH0928,,1,0.056083761016497535
HXL0968,,1,0.056083761016497535
MOH0273,,1,0.056083761016497535
KNW0644,,1,0.056083761016497535
CGA0629,,1,0.056083761016497535
NMS0280,,-1,-0.06507730170960946
THD0448,,1,0.056083761016497535
SPA0141,,1,-0.009994713797404131
LPC0492,,1,0.021860997424594186
BTN0061,,-1,-0.06507730170960946
HGH0595,,1,0.056083761016497535
BAM0611,,1,0.021860997424594186
KKC0683,,1,0.056083761016497535
BBS0422,,1,-0.009994713797404131
HDL0748,,1,0.056083761016497535
NRD0548,,1,0.056083761016497535
DCC0160,,1,0.056083761016497535
MES0407,,1,0.056083761016497535
LMF0980,,1,0.021860997424594186
BMM0112,,1,0.056083761016497535
LTS0860,,1,0.056083761016497535
AOK0844,,1,-0.009994713797404131
ESJ0670,,1,0.021860997424594186
AAF0791,,1,0.056083761016497535
KRL0501,,1,0.056083761016497535
SAC0592,,1,0.021860997424594186
UCS0227,,1,0.056083761016497535
JCR0770,,1,0.056083761016497535
ICS0956,,1,0.056083761016497535
MKW0441,,1,-0.009994713797404131
TSM0927,,1,0.056083761016497535
OJK0233,,1,0.056083761016497535
SMW0084,,1,0.056083761016497535
BEH0615,,1,0.021860997424594186
ADF0397,,1,0.056083761016497535
NJC0705,,1,0.056083761016497535
BYP0070,,1,0.056083761016497535
JMD0520,,1,-0.009994713797404131
LAF0991,,1,0.021860997424594186
KBS0874,,1,0.021860997424594186
GHH0288,,1,-0.009994713797404131
TAC0300,,1,0.056083761016497535
JAJ0849,,1,-0.009994713797404131
NOB0181,,-1,-0.06507730170960946
DTP0379,,1,0.021860997424594186
CJM0138,,1,0.056083761016497535
FHS0837,,1,0.056083761016497535
CAA0612,,1,0.021860997424594186
ELT0769,,1,0.056083761016497535
KJW0416,,1,0.056083761016497535
CTR0341,,1,-0.009994713797404131
DIC0988,,1,0.056083761016497535
JJH0292,,-1,-0.06507730170960946
MJS0890,,1,0.056083761016497535
TOR0193,,-1,-0.06507730170960946
SCB0534,,1,0.056083761016497535
MDH0686,,-1,-0.06507730170960946
JOM0750,,1,0.056083761016497535
BRB0355,,1,0.021860997424594186
MJM0510,,1,0.021860997424594186
KJM0887,,1,0.056083761016497535
CBG0398,,1,0.056083761016497535
RRC0553,,1,0.021860997424594186
TDS0984,,1,0.021860997424594186
LRR0148,,-1,-0.23694417249746802
ARB0834,,1,0.056083761016497535
KPC0073,,-1,-0.15593219461286556
CLB0774,,1,-0.009994713797404131
VEB0935,,1,0.056083761016497535
MCT0720,,1,0.056083761016497535
JDF0593,,1,-0.009994713797404131
CJG0470,,1,0.056083761016497535
RGG0064,,1,-0.009994713797404131
BXJ0010,,1,0.056083761016497535
WBC0315,,1,0.056083761016497535
CGB0637,,1,0.021860997424594186
CAN0842,,1,0.056083761016497535
HTH0007,,1,0.021860997424594186
BJM0111,,-1,-0.15593219461286556
MAW0166,,1,0.056083761016497535
PPF0435,,-1,-0.15593219461286556
SEJ0677,,1,0.056083761016497535
ACV0812,,1,-0.009994713797404131
KWE0082,,1,0.021860997424594186
ECL0930,,1,0.021860997424594186
RHP0484,,1,0.021860997424594186
BAM0636,,1,0.056083761016497535
DDM0579,,1,0.056083761016497535
UIR0043,,1,-0.009994713797404131
JCR0172,,1,0.021860997424594186
ATE0869,,1,-0.009994713797404131
IBS0836,,1,-0.009994713797404131
DTT0076,,1,0.056083761016497535
PRM0740,,1,0.056083761016497535
FGW0853,,1,-0.009994713797404131
JSH0330,,1,0.056083761016497535
FSB0399,,1,0.056083761016497535
