CEL0561,1,0.03973850380833149
CRD0624,1,0.013684586240728325
JFC0557,1,0.03973850380833149
ASD0577,1,0.03767651993189025
MAR0955,1,0.013684586240728325
GRM0868,1,0.06314428869550193
AAL0706,1,0.06314428869550193
RVC0232,1,0.03767651993189025
TCD0009,1,0.06314428869550193
ASM0575,1,0.03767651993189025
DAR0885,1,-0.033741468478227676
JLM0364,-1,-0.10308708322206228
FOB0756,1,0.05035989311883127
GCG0951,1,0.05035989311883127
HWY0038,-1,-0.10308708322206228
AAV0450,1,0.03973850380833149
CJV0286,1,0.03767651993189025
TDG0962,1,0.05035989311883127
SVL0803,1,0.06314428869550193
QOS0878,1,0.05035989311883127
MDM0625,1,0.05035989311883127
GMF0738,1,0.06314428869550193
BER0314,1,0.06314428869550193
AMR0400,1,0.03767651993189025
YCE0983,1,0.06314428869550193
BJW0619,1,0.06314428869550193
DPS0262,1,0.013684586240728325
TYB0779,1,0.06314428869550193
MAS0025,-1,-0.11586331274353179
KBL0260,1,0.06314428869550193
GHL0460,1,0.013684586240728325
FMG0527,-1,-0.11586331274353179
HCL0651,1,0.03327100453298265
SCP0130,1,-0.026242009368349972
CMW0783,1,0.06314428869550193
RKF0164,1,0.06314428869550193
DOL0332,1,0.03767651993189025
RSC0089,-1,-0.08535394350560721
CCM0136,1,-0.026242009368349972
NCH0179,1,0.03767651993189025
NBH0256,1,0.06314428869550193
ORG0339,1,0.03767651993189025
FRR0832,1,0.03767651993189025
MSD0939,1,0.06314428869550193
OQH0183,1,0.03767651993189025
BSH0445,1,0.06314428869550193
KSP0357,-1,-0.12397423317965295
NGO0690,1,0.03767651993189025
VCC0396,1,0.003777859759850899
WDD0366,-1,-0.1437480369590718
KPP0452,1,0.03973850380833149
RTO0313,1,0.010134513613850038
ABM0845,1,0.03327100453298265
VIA0063,1,0.03973850380833149
BIH0745,1,0.013684586240728325
CCW0031,1,0.06314428869550193
IYB0918,1,0.03767651993189025
ORM0669,1,0.05035989311883127
MJB0588,1,0.03767651993189025
ALB0892,1,0.03767651993189025
LIM0674,1,0.010134513613850038
LHN0151,1,0.06314428869550193
WTR0563,1,0.03973850380833149
MKS0204,1,0.06314428869550193
AAW0353,1,0.03973850380833149
WJD0576,1,0.03767651993189025
ILH0958,-1,-0.15206346331461373
TLK0993,1,0.03767651993189025
WAB0143,1,0.06314428869550193
RAG0275,1,0.06314428869550193
LQC0479,-1,-0.11586331274353179
KWC0004,1,0.06314428869550193
CJK0200,1,0.06314428869550193
FEB0306,1,-0.026242009368349972
IJM0776,1,0.06314428869550193
NKH0807,1,0.03767651993189025
JMC0925,-1,-0.06468953012002387
SBH0537,1,0.03973850380833149
JJB0700,1,0.05035989311883127
AIS0405,1,0.03767651993189025
HAH0760,1,0.06314428869550193
AHD0848,1,0.03327100453298265
LDM0587,1,0.03767651993189025
AJN0607,1,0.05035989311883127
BBS0039,-1,-0.10977223108531942
EIS0041,-1,-0.1501473169364731
MLG0475,1,0.03973850380833149
HRD0635,1,-0.033741468478227676
EPW0434,1,0.06314428869550193
JAM0382,1,0.06314428869550193
NCK0295,1,0.03973850380833149
LJT0817,1,0.03327100453298265
CAM0102,1,0.06314428869550193
SOG0411,1,0.03973850380833149
KSH0569,1,0.03973850380833149
BDI0533,1,0.05035989311883127
PMJ0564,-1,-0.08160978614661707
HGG0240,1,0.03973850380833149
MGS0974,-1,-0.05393847158534715
DHM0937,1,0.06314428869550193
ENC0234,1,0.03327100453298265
CEB0210,1,0.06314428869550193
YJV0699,1,0.06314428869550193
BMT0528,1,0.05035989311883127
CJC0494,1,0.06314428869550193
SOB0360,-1,-0.10977223108531942
GCS0571,1,0.03327100453298265
BJP0134,-1,-0.05393847158534715
KBP0008,1,0.05035989311883127
FLM0213,1,0.06314428869550193
RRP0568,1,-0.052484522526795585
MCF0600,1,0.003777859759850899
SAA0999,1,-0.052484522526795585
THR0873,1,0.010134513613850038
KRM0541,-1,-0.05393847158534715
KSP0966,1,0.06314428869550193
LOF0311,1,0.06314428869550193
MBR0724,1,0.06314428869550193
FSC0601,1,0.05035989311883127
MLP0668,1,0.06314428869550193
CUD0795,1,0.06314428869550193
AKR0057,1,0.03327100453298265
GZC0735,1,0.05035989311883127
HLH0512,1,0.05035989311883127
NJB0243,1,0.05035989311883127
GCS0518,1,0.06314428869550193
NMC0486,1,0.06314428869550193
KMB0922,-1,-0.06930095342922615
CFM0767,1,0.010134513613850038
HAD0246,1,0.010134513613850038
ANP0555,1,0.03973850380833149
LBF0214,1,-0.04437982525875661
DJB0159,1,0.05035989311883127
BWP0202,1,-0.04437982525875661
FFC0891,-1,-0.06468953012002387
AJR0932,1,0.013684586240728325
BDV0168,1,0.013684586240728325
CQH0730,1,0.06314428869550193
JCR0289,1,0.03973850380833149
AES0827,1,0.03767651993189025
SLP0762,1,0.06314428869550193
CLD0894,1,0.03767651993189025
LCD0622,1,0.06314428869550193
CMB0912,-1,-0.15206346331461373
ZKS0899,1,-0.052484522526795585
JCV0245,1,0.06314428869550193
AMH0794,1,0.06314428869550193
FKB0163,1,0.06314428869550193
AKC0924,1,0.03767651993189025
ILR0304,1,0.03973850380833149
AJF0370,-1,-0.13572795677789284
OKC0107,1,0.03767651993189025
OCS0865,1,0.05035989311883127
UJC0737,1,0.06314428869550193
MBW0809,1,0.03767651993189025
MCF0327,1,0.06314428869550193
SGS0268,1,0.06314428869550193
BNG0237,1,0.03973850380833149
OSH0655,1,0.03767651993189025
CSB0080,1,0.06314428869550193
ERH0449,1,0.03973850380833149
EGK0893,1,0.03767651993189025
MMB0488,1,0.06314428869550193
AAM0658,-1,-0.14112063343567915
ESA0642,1,0.03767651993189025
CRK0916,-1,-0.14260415893156397
BBH0810,1,0.03767651993189025
JRF0835,1,0.03767651993189025
SJC0333,1,0.03327100453298265
HCS0003,1,0.06314428869550193
EMB0531,1,0.06314428869550193
JIM0095,1,0.06314428869550193
KJS0618,1,0.06314428869550193
EBC0390,1,0.06314428869550193
WGS0516,1,0.06314428869550193
NGF0157,1,0.010134513613850038
KAT0489,1,0.06314428869550193
CCH0685,1,0.03327100453298265
DMM0623,1,0.06314428869550193
SAH0599,1,0.03767651993189025
CPG0322,-1,-0.09661295751678567
OBH0499,1,-0.04437982525875661
SNS0129,1,0.06314428869550193
PKB0429,1,0.06314428869550193
NAH0503,1,0.010134513613850038
FRB0023,1,0.06314428869550193
AHG0634,1,0.003777859759850899
CWB0065,1,0.05035989311883127
ATP0662,-1,-0.06468953012002387
DPM0423,1,-0.026242009368349972
WKF0012,1,0.06314428869550193
JMB0308,1,0.013684586240728325
AKF0709,1,0.06314428869550193
JMH0543,1,0.03973850380833149
CJF0802,1,-0.04437982525875661
IRM0931,1,0.010134513613850038
FQA0854,1,0.05035989311883127
CYA0506,1,0.06314428869550193
GRC0145,1,0.06314428869550193
BLS0678,-1,-0.11586331274353179
HJB0742,-1,-0.1253598838801684
KKS0119,1,0.06314428869550193
RAB0589,1,-0.033741468478227676
DBB0384,1,0.06314428869550193
TRK0914,1,0.03767651993189025
BSA0431,1,0.06314428869550193
RHL0992,1,0.03327100453298265
CIM0926,-1,-0.06440718989881877
CFG0959,1,0.05035989311883127
VMJ0147,1,0.03767651993189025
SAT0194,1,0.03767651993189025
HBO0413,1,0.03973850380833149
DZC0228,1,0.03767651993189025
TEB0251,1,0.05035989311883127
MNR0829,1,0.03767651993189025
DOP0562,1,0.03973850380833149
UAD0771,1,0.05035989311883127
ALD0544,1,0.03973850380833149
LCB0664,1,0.05035989311883127
HCL0113,1,0.03767651993189025
TSB0437,1,0.06314428869550193
EZH0736,1,0.06314428869550193
JCG0316,1,0.05035989311883127
MSG0839,1,0.03767651993189025
LJJ0905,1,-0.052484522526795585
HCM0267,1,0.06314428869550193
MTB0620,1,0.06314428869550193
CCH0182,1,0.03767651993189025
CAM0681,1,0.03767651993189025
LBH0942,1,0.06314428869550193
CAB0388,1,0.06314428869550193
WGR0833,1,0.03767651993189025
MTT0901,1,0.03767651993189025
GQF0659,1,0.03767651993189025
CSP0197,1,0.03327100453298265
OMM0944,1,0.06314428869550193
IMP0530,1,0.06314428869550193
ORB0473,1,0.03973850380833149
JML0909,1,0.03767651993189025
NDM0417,1,-0.026242009368349972
FRL0511,1,0.06314428869550193
LAP0338,1,0.03767651993189025
HCV0478,1,0.06314428869550193
KJA0152,1,0.03767651993189025
ECF0828,1,0.03767651993189025
BVN0514,1,0.05035989311883127
BSS0463,-1,-0.05393847158534715
JJM0203,1,0.05035989311883127
AIM0627,1,0.06314428869550193
RAH0440,1,0.06314428869550193
XHG0902,1,0.03767651993189025
TDJ0998,1,0.03767651993189025
JPA0667,1,0.06314428869550193
EHR0096,1,0.06314428869550193
SJW0451,1,0.03973850380833149
CNB0900,1,0.03767651993189025
EAH0466,1,-0.052484522526795585
CTA0020,-1,-0.05393847158534715
SRS0231,1,0.03767651993189025
HWH0646,1,0.03767651993189025
HKB0418,1,0.03973850380833149
CCM0855,1,0.06314428869550193
SED0886,-1,-0.06468953012002387
LBC0356,-1,-0.1437480369590718
CKH0144,1,0.06314428869550193
MBG0438,1,0.06314428869550193
MVF0594,1,0.03767651993189025
ATF0274,1,0.06314428869550193
KTG0091,1,0.06314428869550193
ACC0042,-1,-0.16681921494801522
AKW0167,1,0.06314428869550193
KPR0497,1,0.05035989311883127
ABN0239,1,0.03973850380833149
CKB0482,1,0.06314428869550193
AMH0464,1,0.03973850380833149
QCH0110,1,0.03767651993189025
SGG0787,1,0.03767651993189025
SIJ0661,1,0.06314428869550193
BTW0005,1,0.05035989311883127
RLB0719,1,0.013684586240728325
WDO0870,1,0.010134513613850038
KCB0815,1,0.03767651993189025
VCY0751,1,0.06314428869550193
BAJ0654,1,0.03327100453298265
MKL0941,1,0.06314428869550193
EGD0409,1,0.03973850380833149
DBS0235,1,0.03327100453298265
JJH0613,1,0.05035989311883127
UFK0208,1,0.05035989311883127
BLB0114,1,0.03327100453298265
CKD0680,1,0.06314428869550193
MKG0711,1,0.06314428869550193
EDA0684,1,0.003777859759850899
IIL0513,1,0.06314428869550193
TSM0363,-1,-0.10308708322206228
PBP0002,1,0.06314428869550193
LHB0606,1,0.06314428869550193
GTD0898,1,0.03767651993189025
CJH0702,1,0.06314428869550193
DMK0257,1,0.010134513613850038
WIQ0567,1,0.03973850380833149
PTH0830,1,0.03767651993189025
NCO0666,1,0.05035989311883127
MHG0733,1,0.06314428869550193
RAW0915,-1,-0.06669994253662948
HAM0985,1,0.06314428869550193
SAB0781,1,0.06314428869550193
IBM0671,1,0.05035989311883127
YDN0198,1,0.05035989311883127
GAF0060,1,0.03767651993189025
AMM0014,1,0.03767651993189025
AMV0036,1,0.06314428869550193
MOP0763,1,0.06314428869550193
CBG0490,1,0.06314428869550193
CNE0352,1,0.06314428869550193
GQP0743,1,0.06314428869550193
PTH0552,1,0.03973850380833149
GLR0975,1,0.03973850380833149
GTD0219,-1,-0.12555895875843792
BKW0374,-1,-0.10977223108531942
CAH0936,1,-0.04437982525875661
AIP0982,1,0.05035989311883127
KRV0372,-1,-0.1437480369590718
IAT0263,1,0.06314428869550193
JBD0616,1,0.05035989311883127
RUM0880,1,0.010134513613850038
DGM0754,1,0.06314428869550193
SMY0792,-1,-0.08457212829481153
HOB0994,1,0.03767651993189025
DGN0480,1,0.06314428869550193
KJJ0293,1,-0.026242009368349972
JXH0493,1,0.06314428869550193
PGH0184,1,0.03767651993189025
JPW0741,1,0.06314428869550193
NMG0766,1,0.06314428869550193
HMW0713,1,0.06314428869550193
MAH0864,1,0.06314428869550193
QNF0205,1,0.06314428869550193
KKW0879,-1,-0.1253598838801684
TEM0093,1,0.06314428869550193
RVF0201,1,0.05035989311883127
TMA0069,1,0.03973850380833149
VFM0814,1,0.03327100453298265
SBN0866,1,0.013684586240728325
ZJE0857,1,0.05035989311883127
HPM0986,1,0.06314428869550193
CJP0952,1,0.010134513613850038
DRR0162,1,0.06314428869550193
ESR0693,1,0.03327100453298265
CWR0502,1,0.05035989311883127
SLB0049,1,0.06314428869550193
IDO0176,1,0.06314428869550193
AGB0186,1,0.03767651993189025
RJB0088,1,0.06314428869550193
OCB0805,1,0.06314428869550193
ETR0428,1,0.05035989311883127
IKP0472,-1,-0.05393847158534715
LHB0967,1,0.06314428869550193
CCM0467,1,0.03973850380833149
GKO0078,1,0.05035989311883127
GNS0178,1,0.003777859759850899
SSS0345,1,0.03767651993189025
LOM0086,1,0.05035989311883127
SSR0278,1,0.03767651993189025
ALH0402,1,0.03767651993189025
AKK0329,1,0.03767651993189025
EWH0191,1,0.06314428869550193
TVS0050,1,-0.04437982525875661
TUC0632,1,0.03767651993189025
SKG0759,1,0.06314428869550193
IMG0320,1,0.06314428869550193
BBG0325,1,0.05035989311883127
CTW0500,1,0.06314428869550193
SBN0495,1,0.06314428869550193
ELH0960,1,0.06314428869550193
BMS0877,1,0.06314428869550193
TSG0906,1,0.03767651993189025
RKD0604,-1,-0.12001575012523158
JMK0099,1,0.05035989311883127
MKP0861,1,0.06314428869550193
HIW0536,1,0.03767651993189025
CTR0697,-1,-0.12001575012523158
BHC0665,1,0.05035989311883127
DCH0843,-1,-0.14260415893156397
WIF0691,1,0.03327100453298265
HWM0342,1,0.03327100453298265
MNC0717,1,0.05035989311883127
ARB0881,1,0.03767651993189025
AHC0142,1,0.05035989311883127
ZFM0468,1,0.03973850380833149
DIW0118,1,0.05035989311883127
USH0199,1,-0.03022922646357351
MAD0753,1,0.06314428869550193
KDS0349,1,0.06314428869550193
LJB0826,1,0.03767651993189025
FKK0055,1,0.05035989311883127
TAP0551,1,-0.033741468478227676
FPC0954,1,0.06314428869550193
GBM0603,1,0.06314428869550193
CXC0336,1,0.03767651993189025
HMM0108,1,0.03327100453298265
FDE0117,1,0.03767651993189025
FUM0015,1,0.03767651993189025
NAB0801,1,0.06314428869550193
GJT0386,1,0.06314428869550193
KAC0124,1,0.03767651993189025
RGH0728,1,0.06314428869550193
CCR0863,1,0.06314428869550193
TTD1000,1,0.03767651993189025
OKB0439,1,0.06314428869550193
XAA0104,1,0.06314428869550193
RFP0380,1,0.06314428869550193
JTS0389,1,0.05035989311883127
CMS0454,1,0.03973850380833149
JKB0126,1,0.03767651993189025
LAM0911,1,0.03767651993189025
GCC0744,1,0.06314428869550193
CLH0703,1,0.06314428869550193
KMW0545,1,0.03973850380833149
PSF0133,1,0.03973850380833149
NHH0185,1,0.03327100453298265
NCE0097,1,0.06314428869550193
CCL0068,1,0.03973850380833149
AJC0840,1,0.03767651993189025
GCC0945,1,0.06314428869550193
NAB0903,1,0.03767651993189025
AOS0987,1,0.03327100453298265
JAD0609,1,0.05035989311883127
AMW0392,1,0.03767651993189025
FIR0920,1,0.03327100453298265
RNP0211,1,0.06314428869550193
RHY0079,1,0.03327100453298265
CLS0296,1,0.03973850380833149
JSA0775,1,0.06314428869550193
RDM0115,1,0.06314428869550193
JKM0303,1,0.03973850380833149
IJM0139,1,0.03973850380833149
SVL0940,1,0.06314428869550193
LDG0459,1,-0.026242009368349972
ROB0272,1,0.06314428869550193
LNS0989,1,0.03327100453298265
CNM0800,1,0.06314428869550193
HGN0287,1,0.03767651993189025
KMS0657,1,0.03767651993189025
BMG0917,-1,-0.14260415893156397
HVB0037,1,0.06314428869550193
PNH0761,1,0.010134513613850038
JLW0053,1,0.03767651993189025
JNA0559,1,0.03973850380833149
OYM0026,1,0.03327100453298265
NIH0969,1,-0.03022922646357351
RCC0617,1,0.06314428869550193
GJD0298,1,0.03973850380833149
MLL0598,1,0.03767651993189025
DSM0591,1,0.03767651993189025
BTL0226,1,0.003777859759850899
SBN0971,1,0.06314428869550193
CCW0524,1,0.06314428869550193
IWM0816,1,0.03767651993189025
JOL0024,1,0.06314428869550193
ENL0100,1,0.06314428869550193
TIW0299,1,0.03973850380833149
ZSK0258,1,0.06314428869550193
CGF0337,1,0.03767651993189025
EHB0420,-1,-0.06585518282913816
RGN0408,1,0.03973850380833149
FHO0630,1,0.06314428869550193
JKJ0698,1,0.05035989311883127
SCF0608,1,0.06314428869550193
BVC0790,-1,-0.06468953012002387
NRF0137,1,0.03767651993189025
HDD0789,1,0.06314428869550193
IEB0153,1,0.03327100453298265
ICH0294,1,-0.026242009368349972
ZSL0305,1,0.03973850380833149
AJP0723,1,0.06314428869550193
GDF0704,1,0.05035989311883127
TJD0996,1,0.03767651993189025
OMS0101,1,0.06314428869550193
BCM0653,1,0.03767651993189025
BDB0453,1,0.003777859759850899
NCK0421,1,0.03973850380833149
LPH0572,1,0.03767651993189025
MFV0897,1,0.03767651993189025
MAH0149,1,0.06314428869550193
ECR0822,1,0.03767651993189025
POB0343,1,0.03767651993189025
IRT0491,1,0.06314428869550193
HKI0171,1,0.06314428869550193
DIB0285,1,0.03767651993189025
IAR0694,1,0.03327100453298265
CMM0487,1,0.06314428869550193
LCC0819,1,0.03767651993189025
AGB0643,1,0.03767651993189025
PID0426,1,0.010134513613850038
HLM0933,1,0.06314428869550193
KRL0062,1,0.06314428869550193
MPM0220,-1,-0.14753784474882004
JDB0169,1,0.06314428869550193
AAS0442,1,0.06314428869550193
ZJS0269,1,0.06314428869550193
CJM0521,1,0.06314428869550193
MDH0580,1,0.03767651993189025
JRS0362,-1,-0.10977223108531942
WXH0872,1,-0.04437982525875661
MHA0798,1,0.06314428869550193
JZD0888,1,0.03767651993189025
HDD0806,-1,-0.12312612815243384
BSB0990,1,0.06314428869550193
ALC0788,1,0.03767651993189025
JCR0921,1,0.03767651993189025
RRA0938,1,0.06314428869550193
SHW0578,1,0.03767651993189025
GCL0016,1,-0.026242009368349972
GOK0238,1,0.03973850380833149
BCB0679,1,0.05035989311883127
IHK0841,1,0.03767651993189025
SAP0867,1,0.06314428869550193
ALD0529,1,0.06314428869550193
KRG0158,1,0.06314428869550193
TJB0302,1,0.03973850380833149
ILC0838,1,0.03767651993189025
RIH0777,1,0.06314428869550193
HCW0419,1,0.03973850380833149
DAL0673,1,0.05035989311883127
RMS0266,1,0.06314428869550193
KDT0346,1,0.03767651993189025
KAL0395,1,0.03767651993189025
ARD0509,1,0.05035989311883127
BTL0722,1,0.06314428869550193
WPE0538,1,0.03767651993189025
CLF0852,1,0.05035989311883127
HJA0018,1,0.03973850380833149
MIM0712,1,0.06314428869550193
CEJ0109,1,0.03767651993189025
JCW0858,1,0.06314428869550193
DFR0218,-1,-0.16229348077936678
BAL0044,-1,-0.18154220983719593
ASS0206,1,0.06314428869550193
IUB0565,1,0.03973850380833149
ASG0048,1,0.06314428869550193
TET0621,1,0.05035989311883127
ARA0252,1,0.06314428869550193
AMR0318,1,0.010134513613850038
WTF0387,1,0.06314428869550193
AJL0462,1,0.003777859759850899
SDF0017,1,0.03973850380833149
RDM0150,1,0.06314428869550193
HKF0831,1,0.03767651993189025
DGF0443,1,0.06314428869550193
CAB0614,-1,-0.09661295751678567
DBG0261,1,0.06314428869550193
ZDW0859,1,0.05035989311883127
UCH0519,1,0.06314428869550193
CAC0889,1,0.03767651993189025
EHD0584,1,0.003777859759850899
OLB0749,1,0.06314428869550193
BWH0813,1,0.03767651993189025
DMG0358,-1,-0.12397423317965295
MAE0331,1,0.03767651993189025
AMD0077,1,0.06314428869550193
XLB0710,1,0.06314428869550193
DAG0558,1,0.03973850380833149
WLV0566,1,0.03973850380833149
EHB0824,-1,-0.14112063343567915
FBW0747,1,0.05035989311883127
SNC0187,1,0.03767651993189025
IBB0359,-1,-0.1929527502385402
RAM0447,1,0.03973850380833149
AJD0074,1,0.05035989311883127
MSH0040,-1,-0.10977223108531942
QJR0688,1,-0.026242009368349972
HTF0641,1,0.03767651993189025
RDT0424,1,-0.026242009368349972
XRS0633,1,0.03767651993189025
RLG0856,1,0.013684586240728325
MLD0755,1,0.06314428869550193
MOS0047,-1,-0.10308708322206228
ETR0177,1,0.03767651993189025
RYB0718,1,0.06314428869550193
AAE0190,1,0.03767651993189025
NAF0033,1,0.06314428869550193
DVM0265,1,0.05035989311883127
JFC0757,1,0.06314428869550193
AOB0019,1,0.03973850380833149
AIP0394,-1,-0.14260415893156397
JJB0127,1,0.03767651993189025
MCS0035,1,0.06314428869550193
ABC0253,1,0.06314428869550193
TQS0212,1,0.05035989311883127
RSM0277,1,0.05035989311883127
JER0404,1,0.03767651993189025
CIG0052,1,0.06314428869550193
IIW0249,1,0.010134513613850038
HVF0067,1,-0.026242009368349972
HWW0436,1,-0.04437982525875661
PEV0323,1,0.010134513613850038
PGO0433,1,0.06314428869550193
MVB0515,-1,-0.08457212829481153
TJG0582,1,0.03767651993189025
SRH0155,1,0.010134513613850038
IJM0444,-1,-0.14633866456417932
CIM0271,1,0.05035989311883127
CSL0949,1,0.06314428869550193
AAN0823,1,0.03767651993189025
JGT0221,-1,-0.1501473169364731
AKH0758,1,0.06314428869550193
HSG0818,1,0.03767651993189025
MIL0255,1,0.06314428869550193
JGM0934,1,0.06314428869550193
KCO0122,1,0.003777859759850899
SGB0140,1,-0.026242009368349972
NAF0326,-1,-0.15206346331461373
IUY0279,1,0.03327100453298265
EIM0156,1,0.06314428869550193
ABH0663,1,0.06314428869550193
EZT0640,1,0.03327100453298265
BAK0964,1,0.06314428869550193
JCC0225,-1,-0.12397423317965295
EMW0105,1,0.03767651993189025
KLH0596,-1,-0.14112063343567915
SJF0094,1,0.06314428869550193
CSJ0340,1,0.03767651993189025
RMW0542,1,0.03973850380833149
JHP0583,-1,-0.06930095342922615
HSD0457,1,0.03973850380833149
YWW0660,1,0.03767651993189025
PGC0066,1,0.03973850380833149
MSO0222,-1,-0.10977223108531942
WDV0573,-1,-0.06930095342922615
QRM0739,1,0.05035989311883127
ASS0517,1,0.06314428869550193
LUR0896,1,0.003777859759850899
ESH0283,1,0.03327100453298265
WBC0192,1,0.05035989311883127
PLH0715,1,0.06314428869550193
VSA0230,1,0.03327100453298265
KJG0910,1,0.03767651993189025
DBW0483,1,0.06314428869550193
KBC0054,1,0.06314428869550193
CSC0217,-1,-0.10977223108531942
BRS0734,1,0.06314428869550193
KNB0022,1,0.06314428869550193
PIS0522,1,0.05035989311883127
ADD0846,1,0.03767651993189025
MAD0496,1,0.06314428869550193
NKP0236,1,0.003777859759850899
VLB0647,1,0.03767651993189025
DKB0631,1,0.03767651993189025
KES0729,1,0.05035989311883127
IBB0696,1,0.05035989311883127
BLL0929,1,0.06314428869550193
ABC0174,1,0.06314428869550193
HAH0248,1,0.06314428869550193
NBC0412,1,-0.052484522526795585
CRP0456,1,0.03973850380833149
JIG0128,1,0.03767651993189025
IJR0825,1,0.03767651993189025
XWD0923,1,0.03767651993189025
LDD0560,1,0.010134513613850038
ESH0135,1,0.03973850380833149
RHO0732,1,-0.04437982525875661
DGW0752,1,0.06314428869550193
HPR0585,1,0.03767651993189025
TBT0461,1,0.03973850380833149
SAK0375,-1,-0.16681921494801522
BJH0811,1,0.03767651993189025
TVS0006,1,0.05035989311883127
FAW0032,1,-0.03385320008322579
WSR0241,-1,-0.08754845653364152
LRW0970,1,0.06314428869550193
ZMC0284,1,0.03767651993189025
SAC0687,1,0.03767651993189025
CKB0427,1,0.06314428869550193
BTS0011,1,0.06314428869550193
IIA0092,1,0.06314428869550193
WKD0013,-1,-0.06468953012002387
JNJ0556,1,0.03973850380833149
TLH0648,1,0.03767651993189025
IBP0883,-1,-0.14260415893156397
WAS0254,1,0.06314428869550193
QNP0216,-1,-0.10977223108531942
KLM0639,1,0.03767651993189025
AIB0948,-1,-0.15206346331461373
RBB0485,1,0.06314428869550193
RZC0746,1,0.05035989311883127
MDM0976,1,0.03973850380833149
XBN0229,1,0.03767651993189025
SMH0291,1,-0.026242009368349972
MCD0125,1,0.03327100453298265
MHG0244,1,0.06314428869550193
RAS0432,1,0.06314428869550193
EIP0997,1,0.03767651993189025
EMW0772,1,0.05035989311883127
SBQ0786,1,0.06314428869550193
PDH0716,1,0.05035989311883127
GZB0469,1,0.03973850380833149
NMB0972,1,0.06314428869550193
ONL0276,1,0.06314428869550193
MBJ0312,1,0.05035989311883127
DRR0242,1,0.03973850380833149
AJH0175,1,0.013684586240728325
LQP0508,1,0.05035989311883127
DVW0103,1,0.06314428869550193
SMB0804,1,0.06314428869550193
KBG0549,1,-0.026242009368349972
BAH0875,1,-0.04437982525875661
SLT0907,1,0.03767651993189025
JAV0361,-1,-0.1551780443266163
COM0321,1,0.06314428869550193
CCC0393,1,0.03767651993189025
QSV0778,1,0.06314428869550193
BMC0547,1,0.03973850380833149
AWM0764,1,0.06314428869550193
FXF0957,1,0.06314428869550193
SVS0871,1,0.05035989311883127
DJS0682,1,0.03767651993189025
NHE0919,1,0.03767651993189025
MPT0376,1,0.05035989311883127
AQD0820,1,0.03767651993189025
YEV0793,1,0.06314428869550193
ZCF0590,1,0.03767651993189025
KQC0708,1,0.06314428869550193
LJR0523,-1,-0.12001575012523158
CQH0701,1,0.06314428869550193
PDW0259,1,0.05035989311883127
FWM0707,1,0.05035989311883127
HDS0367,-1,-0.17582309774311367
JRH0455,1,0.03973850380833149
SER0165,1,0.03767651993189025
SBD0913,1,0.06314428869550193
JKF0465,1,0.03973850380833149
CFW0264,1,0.06314428869550193
BNR0965,1,0.06314428869550193
ASV0946,1,0.06314428869550193
KNG0672,1,0.06314428869550193
NNA0610,1,0.06314428869550193
KQS0415,1,0.03973850380833149
MHH0180,1,0.03767651993189025
EGD0132,1,0.03973850380833149
VTT0385,1,0.05035989311883127
ASG0692,1,0.03767651993189025
WPR0368,-1,-0.20086108468510067
HAV0121,1,0.03767651993189025
HCC0344,1,0.03767651993189025
UBF0645,1,0.03767651993189025
TSR0676,1,0.06314428869550193
NKH0979,1,0.05035989311883127
SXM0895,1,0.03767651993189025
KCS0173,1,0.05035989311883127
CCA0046,-1,-0.12397423317965295
PMV0850,1,0.03327100453298265
PKB0281,1,0.03767651993189025
MIC0726,1,0.06314428869550193
SDO0170,1,0.06314428869550193
VAA0087,1,0.05035989311883127
ELB0847,1,0.03327100453298265
SBK0161,1,0.03327100453298265
ASL0378,1,0.06314428869550193
TLM0797,1,0.06314428869550193
SOF0808,1,0.03767651993189025
SGM0021,1,0.06314428869550193
MYD0978,1,-0.052484522526795585
FBA0348,1,0.03973850380833149
ARL0034,1,0.06314428869550193
YJF0532,1,0.05035989311883127
RJM0381,1,0.05035989311883127
VSS0154,1,0.03767651993189025
JMW0638,1,0.03767651993189025
IKR0401,1,0.03767651993189025
EMS0317,1,0.06314428869550193
FTM0406,1,0.013684586240728325
RAR0725,1,0.06314428869550193
MNS0224,-1,-0.15858353545940762
WVB0539,1,0.06314428869550193
SSG0250,1,0.06314428869550193
MLM0950,1,0.010134513613850038
HPH0075,1,0.06314428869550193
VMJ0546,1,0.03973850380833149
NLO0131,1,0.03973850380833149
PES0085,1,0.06314428869550193
OHC0973,1,0.06314428869550193
NMF0780,1,0.06314428869550193
LEM0605,1,0.06314428869550193
BEC0505,1,0.06314428869550193
OLF0504,1,0.06314428869550193
KVS0425,1,0.03973850380833149
AJR0319,1,0.06314428869550193
DLS0383,1,0.06314428869550193
BCR0581,1,0.03327100453298265
LDB0090,1,0.06314428869550193
GAF0570,-1,-0.05393847158534715
NNS0059,1,0.03767651993189025
JRL0574,1,0.03767651993189025
NSS0876,1,0.06314428869550193
SOB0586,1,0.03767651993189025
DDA0476,1,0.06314428869550193
DEB0782,1,0.06314428869550193
OLW0689,1,0.03767651993189025
MMG0943,1,0.05035989311883127
RNL0695,1,0.03767651993189025
LNR0656,1,0.03767651993189025
AMJ0297,1,0.03973850380833149
HRL0540,1,-0.022194722535495814
DLF0377,1,0.06314428869550193
MVH0373,-1,-0.1520925333354155
TPH0474,1,0.03973850380833149
KCF0045,-1,-0.1501473169364731
BIS0247,1,0.013684586240728325
MSS0001,1,0.06314428869550193
EFS0882,1,0.03767651993189025
NWK0215,1,0.013684586240728325
PNL0301,1,0.03973850380833149
CSH0626,1,-0.04437982525875661
BHW0458,1,0.03973850380833149
SSH0799,1,0.05035989311883127
ANM0123,1,0.03327100453298265
CAS0507,-1,-0.1253598838801684
DID0650,1,0.03767651993189025
KAT0270,1,0.06314428869550193
TEM0977,1,0.03973850380833149
SHR0334,1,0.03767651993189025
JDC0030,1,0.03327100453298265
CKP0721,1,0.06314428869550193
HIA0414,1,0.03973850380833149
HSP0290,1,0.03973850380833149
HRW0550,1,0.03973850380833149
KBB0189,1,0.06314428869550193
CBB0365,-1,-0.17371913614915824
DLH0029,1,0.03767651993189025
NRO0768,1,0.06314428869550193
NWT0098,1,0.06314428869550193
QPM0727,1,0.06314428869550193
KVT0028,1,0.03767651993189025
LFS0071,1,0.03973850380833149
WNB0908,1,0.03767651993189025
PAD0773,1,0.05035989311883127
BJH0354,1,0.06314428869550193
ONW0083,1,0.06314428869550193
SSJ0784,1,0.010134513613850038
KJP0371,-1,-0.12397423317965295
IMB0481,1,0.06314428869550193
BQS0525,1,0.05035989311883127
BTR0403,1,-0.0383834160644152
DLM0051,1,0.05035989311883127
AHM0410,1,-0.026242009368349972
CHM0821,-1,-0.06930095342922615
JBM0350,-1,-0.06468953012002387
JRG0207,1,0.013684586240728325
PLH0862,1,0.06314428869550193
RCP0785,1,0.06314428869550193
NSC0597,1,0.03327100453298265
AVM0947,1,0.05035989311883127
MSZ0310,1,0.06314428869550193
SDB0106,1,0.03327100453298265
HAC0282,1,0.03767651993189025
HSB0196,-1,-0.14260415893156397
ASB0796,1,0.06314428869550193
WRM0963,1,0.05035989311883127
BRM0995,1,0.03327100453298265
SES0477,1,0.06314428869550193
JTM0223,-1,-0.1551780443266163
RNF0765,1,0.06314428869550193
GNZ0953,1,0.06314428869550193
HRB0351,1,-0.026242009368349972
ZSB0649,1,0.03767651993189025
ADC0391,1,0.03767651993189025
PMC0328,1,0.03767651993189025
ILJ0526,-1,-0.15206346331461373
ANT0430,1,0.05035989311883127
DFH0188,1,0.03327100453298265
LLV0602,1,0.06314428869550193
GCR0554,1,0.03973850380833149
SJO0209,1,0.05035989311883127
NGC0058,-1,-0.07742387317422705
YIC0195,1,0.03327100453298265
EDB0714,1,0.06314428869550193
LHL0309,1,0.06314428869550193
HFB0347,1,0.03767651993189025
EJW0884,1,0.03767651993189025
CRO0027,1,0.013684586240728325
HKR0628,1,0.05035989311883127
GTD0116,1,0.03767651993189025
DSB0731,1,0.06314428869550193
COF0120,-1,-0.14112063343567915
HDJ0446,1,0.03973850380833149
CHG0146,1,0.06314428869550193
AIH0675,1,0.06314428869550193
TNM0961,1,0.05035989311883127
APG0307,1,0.03973850380833149
RHC0335,1,0.03767651993189025
CQW0652,1,0.03767651993189025
HJS0072,1,-0.052484522526795585
XHW0498,1,0.06314428869550193
IJW0851,1,0.06314428869550193
NAR0981,1,0.06314428869550193
NUL0471,1,0.03973850380833149
DIB0081,1,0.05035989311883127
BSS0369,-1,-0.12397423317965295
MIB0904,1,0.03767651993189025
AAF0535,1,0.06314428869550193
HBB0056,1,0.06314428869550193
MCJ0324,1,0.06314428869550193
HDH0928,1,0.03767651993189025
HXL0968,1,0.06314428869550193
MOH0273,1,0.06314428869550193
KNW0644,1,0.03767651993189025
CGA0629,1,0.06314428869550193
NMS0280,1,0.03327100453298265
THD0448,1,0.03973850380833149
SPA0141,1,0.013684586240728325
LPC0492,1,0.05035989311883127
BTN0061,-1,-0.11130544489132399
HGH0595,1,0.03767651993189025
BAM0611,1,0.06314428869550193
KKC0683,1,0.03767651993189025
BBS0422,1,-0.033741468478227676
HDL0748,1,0.06314428869550193
NRD0548,1,0.03973850380833149
DCC0160,1,0.03767651993189025
MES0407,1,0.03973850380833149
LMF0980,1,0.06314428869550193
BMM0112,1,0.03767651993189025
LTS0860,1,0.06314428869550193
AOK0844,1,0.003777859759850899
ESJ0670,1,0.05035989311883127
AAF0791,1,0.06314428869550193
KRL0501,1,0.06314428869550193
SAC0592,1,0.03767651993189025
UCS0227,1,0.03767651993189025
JCR0770,1,0.06314428869550193
ICS0956,1,0.06314428869550193
MKW0441,-1,-0.1253598838801684
TSM0927,1,0.03767651993189025
OJK0233,1,0.03767651993189025
SMW0084,1,0.06314428869550193
BEH0615,-1,-0.15206346331461373
ADF0397,1,0.03767651993189025
NJC0705,1,0.06314428869550193
BYP0070,1,0.03973850380833149
JMD0520,-1,-0.08535394350560721
LAF0991,1,0.03767651993189025
KBS0874,1,0.06314428869550193
GHH0288,1,-0.033741468478227676
TAC0300,1,0.03973850380833149
JAJ0849,-1,-0.06468953012002387
NOB0181,1,0.03327100453298265
DTP0379,1,0.05035989311883127
CJM0138,1,0.03973850380833149
FHS0837,1,0.03767651993189025
CAA0612,1,0.06314428869550193
ELT0769,1,0.06314428869550193
KJW0416,1,0.03973850380833149
CTR0341,1,0.003777859759850899
DIC0988,1,0.03767651993189025
JJH0292,1,-0.026242009368349972
MJS0890,1,0.03767651993189025
TOR0193,1,0.03327100453298265
SCB0534,1,0.06314428869550193
MDH0686,1,0.03327100453298265
JOM0750,1,0.06314428869550193
BRB0355,1,0.05035989311883127
MJM0510,1,0.05035989311883127
KJM0887,1,0.03767651993189025
CBG0398,1,0.03767651993189025
RRC0553,1,0.03973850380833149
TDS0984,-1,-0.15206346331461373
LRR0148,1,0.05035989311883127
ARB0834,1,0.03767651993189025
KPC0073,1,0.013684586240728325
CLB0774,1,0.013684586240728325
VEB0935,1,0.06314428869550193
MCT0720,1,0.06314428869550193
JDF0593,-1,-0.06468953012002387
CJG0470,1,0.03973850380833149
RGG0064,-1,-0.11586331274353179
BXJ0010,1,0.03973850380833149
WBC0315,1,0.06314428869550193
CGB0637,1,0.03767651993189025
CAN0842,1,0.03767651993189025
HTH0007,1,0.05035989311883127
BJM0111,-1,-0.14260415893156397
MAW0166,1,0.06314428869550193
PPF0435,1,0.013684586240728325
SEJ0677,1,0.06314428869550193
ACV0812,-1,-0.06930095342922615
KWE0082,1,0.06314428869550193
ECL0930,1,0.06314428869550193
RHP0484,1,0.05035989311883127
BAM0636,1,0.03767651993189025
DDM0579,1,0.03767651993189025
UIR0043,-1,-0.1501473169364731
JCR0172,1,0.06314428869550193
ATE0869,1,0.010134513613850038
IBS0836,1,0.003777859759850899
DTT0076,1,0.06314428869550193
PRM0740,1,0.06314428869550193
FGW0853,1,0.010134513613850038
JSH0330,1,0.03767651993189025
FSB0399,1,0.03767651993189025
