CEL0561,,1,-0.02123547583853147
CRD0624,,1,-0.003315174061161441
JFC0557,,1,-0.02123547583853147
ASD0577,,1,-0.011999803018090893
MAR0955,,1,-0.003315174061161441
GRM0868,,1,0.027270203136727067
AAL0706,,1,0.027270203136727067
RVC0232,,1,-0.011999803018090893
TCD0009,,1,0.027270203136727067
ASM0575,,1,-0.011999803018090893
DAR0885,,1,-0.003315174061161441
JLM0364,,1,-0.003315174061161441
FOB0756,,1,-0.033807440707860126
GCG0951,,1,-0.033807440707860126
HWY0038,,1,-0.003315174061161441
AAV0450,,1,-0.02123547583853147
CJV0286,,1,-0.011999803018090893
TDG0962,,1,-0.033807440707860126
SVL0803,,1,0.027270203136727067
QOS0878,,1,-0.033807440707860126
MDM0625,,1,-0.033807440707860126
GMF0738,,1,0.027270203136727067
BER0314,,1,0.027270203136727067
AMR0400,,1,-0.011999803018090893
YCE0983,,1,0.027270203136727067
BJW0619,,1,0.027270203136727067
DPS0262,,1,-0.003315174061161441
TYB0779,,1,0.027270203136727067
MAS0025,,-1,-0.17562500924102065
KBL0260,,1,0.027270203136727067
GHL0460,,1,-0.003315174061161441
FMG0527,,-1,-0.17562500924102065
HCL0651,,-1,-0.04153135229928173
SCP0130,,-1,-0.04153135229928173
CMW0783,,1,0.027270203136727067
RKF0164,,1,0.027270203136727067
DOL0332,,1,-0.011999803018090893
RSC0089,,1,-0.003315174061161441
CCM0136,,-1,-0.04153135229928173
NCH0179,,1,-0.011999803018090893
NBH0256,,1,0.027270203136727067
ORG0339,,1,-0.011999803018090893
FRR0832,,1,-0.011999803018090893
MSD0939,,1,0.027270203136727067
OQH0183,,1,-0.011999803018090893
BSH0445,,1,0.027270203136727067
KSP0357,,1,-0.003315174061161441
NGO0690,,1,-0.011999803018090893
VCC0396,,1,-0.003315174061161441
WDD0366,,1,-0.003315174061161441
KPP0452,,1,-0.02123547583853147
RTO0313,,1,-0.003315174061161441
ABM0845,,-1,-0.04153135229928173
VIA0063,,1,-0.02123547583853147
BIH0745,,1,-0.003315174061161441
CCW0031,,1,0.027270203136727067
IYB0918,,1,-0.011999803018090893
ORM0669,,1,-0.033807440707860126
MJB0588,,1,-0.011999803018090893
ALB0892,,1,-0.011999803018090893
LIM0674,,1,-0.003315174061161441
LHN0151,,1,0.027270203136727067
WTR0563,,1,-0.02123547583853147
MKS0204,,1,0.027270203136727067
AAW0353,,1,-0.02123547583853147
WJD0576,,1,-0.011999803018090893
ILH0958,,1,-0.033807440707860126
TLK0993,,1,-0.011999803018090893
WAB0143,,1,0.027270203136727067
RAG0275,,1,0.027270203136727067
LQC0479,,-1,-0.17562500924102065
KWC0004,,1,0.027270203136727067
CJK0200,,1,0.027270203136727067
FEB0306,,-1,-0.04153135229928173
IJM0776,,1,0.027270203136727067
NKH0807,,1,-0.011999803018090893
JMC0925,,1,-0.003315174061161441
SBH0537,,1,-0.02123547583853147
JJB0700,,1,-0.033807440707860126
AIS0405,,1,-0.011999803018090893
HAH0760,,1,0.027270203136727067
AHD0848,,-1,-0.04153135229928173
LDM0587,,1,-0.011999803018090893
AJN0607,,1,-0.033807440707860126
BBS0039,,1,-0.003315174061161441
EIS0041,,1,-0.003315174061161441
MLG0475,,1,-0.02123547583853147
HRD0635,,1,-0.003315174061161441
EPW0434,,1,0.027270203136727067
JAM0382,,1,0.027270203136727067
NCK0295,,1,-0.02123547583853147
LJT0817,,-1,-0.04153135229928173
CAM0102,,1,0.027270203136727067
SOG0411,,1,-0.02123547583853147
KSH0569,,1,-0.02123547583853147
BDI0533,,1,-0.033807440707860126
PMJ0564,,1,-0.003315174061161441
HGG0240,,1,-0.02123547583853147
MGS0974,,-1,-0.04153135229928173
DHM0937,,1,0.027270203136727067
ENC0234,,-1,-0.04153135229928173
CEB0210,,1,0.027270203136727067
YJV0699,,1,0.027270203136727067
BMT0528,,1,-0.033807440707860126
CJC0494,,1,0.027270203136727067
SOB0360,,1,-0.003315174061161441
GCS0571,,-1,-0.04153135229928173
BJP0134,,-1,-0.04153135229928173
KBP0008,,1,-0.033807440707860126
FLM0213,,1,0.027270203136727067
RRP0568,,-1,-0.04153135229928173
MCF0600,,1,-0.003315174061161441
SAA0999,,-1,-0.04153135229928173
THR0873,,1,-0.003315174061161441
KRM0541,,-1,-0.04153135229928173
KSP0966,,1,0.027270203136727067
LOF0311,,1,0.027270203136727067
MBR0724,,1,0.027270203136727067
FSC0601,,1,-0.033807440707860126
MLP0668,,1,0.027270203136727067
CUD0795,,1,0.027270203136727067
AKR0057,,-1,-0.04153135229928173
GZC0735,,1,-0.033807440707860126
HLH0512,,1,-0.033807440707860126
NJB0243,,1,-0.033807440707860126
GCS0518,,1,0.027270203136727067
NMC0486,,1,0.027270203136727067
KMB0922,,1,-0.003315174061161441
CFM0767,,1,-0.003315174061161441
HAD0246,,1,-0.003315174061161441
ANP0555,,1,-0.02123547583853147
LBF0214,,1,-0.003315174061161441
DJB0159,,1,-0.033807440707860126
BWP0202,,1,-0.003315174061161441
FFC0891,,1,-0.003315174061161441
AJR0932,,1,-0.003315174061161441
BDV0168,,1,-0.003315174061161441
CQH0730,,1,0.027270203136727067
JCR0289,,1,-0.02123547583853147
AES0827,,1,-0.011999803018090893
SLP0762,,1,0.027270203136727067
CLD0894,,1,-0.011999803018090893
LCD0622,,1,0.027270203136727067
CMB0912,,1,-0.033807440707860126
ZKS0899,,-1,-0.04153135229928173
JCV0245,,1,0.027270203136727067
AMH0794,,1,0.027270203136727067
FKB0163,,1,0.027270203136727067
AKC0924,,1,-0.011999803018090893
ILR0304,,1,-0.02123547583853147
AJF0370,,1,-0.003315174061161441
OKC0107,,1,-0.011999803018090893
OCS0865,,1,-0.033807440707860126
UJC0737,,1,0.027270203136727067
MBW0809,,1,-0.011999803018090893
MCF0327,,1,0.027270203136727067
SGS0268,,1,0.027270203136727067
BNG0237,,1,-0.02123547583853147
OSH0655,,1,-0.011999803018090893
CSB0080,,1,0.027270203136727067
ERH0449,,1,-0.02123547583853147
EGK0893,,1,-0.011999803018090893
MMB0488,,1,0.027270203136727067
AAM0658,,-1,-0.2136352410024932
ESA0642,,1,-0.011999803018090893
CRK0916,,-1,-0.2136352410024932
BBH0810,,1,-0.011999803018090893
JRF0835,,1,-0.011999803018090893
SJC0333,,-1,-0.04153135229928173
HCS0003,,1,0.027270203136727067
EMB0531,,1,0.027270203136727067
JIM0095,,1,0.027270203136727067
KJS0618,,1,0.027270203136727067
EBC0390,,1,0.027270203136727067
WGS0516,,1,0.027270203136727067
NGF0157,,1,-0.003315174061161441
KAT0489,,1,0.027270203136727067
CCH0685,,-1,-0.04153135229928173
DMM0623,,1,0.027270203136727067
SAH0599,,1,-0.011999803018090893
CPG0322,,1,-0.033807440707860126
OBH0499,,1,-0.003315174061161441
SNS0129,,1,0.027270203136727067
PKB0429,,1,0.027270203136727067
NAH0503,,1,-0.003315174061161441
FRB0023,,1,0.027270203136727067
AHG0634,,1,-0.003315174061161441
CWB0065,,1,-0.033807440707860126
ATP0662,,1,-0.003315174061161441
DPM0423,,-1,-0.04153135229928173
WKF0012,,1,0.027270203136727067
JMB0308,,1,-0.003315174061161441
AKF0709,,1,0.027270203136727067
JMH0543,,1,-0.02123547583853147
CJF0802,,1,-0.003315174061161441
IRM0931,,1,-0.003315174061161441
FQA0854,,1,-0.033807440707860126
CYA0506,,1,0.027270203136727067
GRC0145,,1,0.027270203136727067
BLS0678,,-1,-0.17562500924102065
HJB0742,,-1,-0.2071963809185251
KKS0119,,1,0.027270203136727067
RAB0589,,1,-0.003315174061161441
DBB0384,,1,0.027270203136727067
TRK0914,,1,-0.011999803018090893
BSA0431,,1,0.027270203136727067
RHL0992,,-1,-0.04153135229928173
CIM0926,,1,-0.011999803018090893
CFG0959,,1,-0.033807440707860126
VMJ0147,,1,-0.011999803018090893
SAT0194,,1,-0.011999803018090893
HBO0413,,1,-0.02123547583853147
DZC0228,,1,-0.011999803018090893
TEB0251,,1,-0.033807440707860126
MNR0829,,1,-0.011999803018090893
DOP0562,,1,-0.02123547583853147
UAD0771,,1,-0.033807440707860126
ALD0544,,1,-0.02123547583853147
LCB0664,,1,-0.033807440707860126
HCL0113,,1,-0.011999803018090893
TSB0437,,1,0.027270203136727067
EZH0736,,1,0.027270203136727067
JCG0316,,1,-0.033807440707860126
MSG0839,,1,-0.011999803018090893
LJJ0905,,-1,-0.04153135229928173
HCM0267,,1,0.027270203136727067
MTB0620,,1,0.027270203136727067
CCH0182,,1,-0.011999803018090893
CAM0681,,1,-0.011999803018090893
LBH0942,,1,0.027270203136727067
CAB0388,,1,0.027270203136727067
WGR0833,,1,-0.011999803018090893
MTT0901,,1,-0.011999803018090893
GQF0659,,1,-0.011999803018090893
CSP0197,,-1,-0.04153135229928173
OMM0944,,1,0.027270203136727067
IMP0530,,1,0.027270203136727067
ORB0473,,1,-0.02123547583853147
JML0909,,1,-0.011999803018090893
NDM0417,,-1,-0.04153135229928173
FRL0511,,1,0.027270203136727067
LAP0338,,1,-0.011999803018090893
HCV0478,,1,0.027270203136727067
KJA0152,,1,-0.011999803018090893
ECF0828,,1,-0.011999803018090893
BVN0514,,1,-0.033807440707860126
BSS0463,,-1,-0.04153135229928173
JJM0203,,1,-0.033807440707860126
AIM0627,,1,0.027270203136727067
RAH0440,,1,0.027270203136727067
XHG0902,,1,-0.011999803018090893
TDJ0998,,1,-0.011999803018090893
JPA0667,,1,0.027270203136727067
EHR0096,,1,0.027270203136727067
SJW0451,,1,-0.02123547583853147
CNB0900,,1,-0.011999803018090893
EAH0466,,-1,-0.04153135229928173
CTA0020,,-1,-0.04153135229928173
SRS0231,,1,-0.011999803018090893
HWH0646,,1,-0.011999803018090893
HKB0418,,1,-0.02123547583853147
CCM0855,,1,0.027270203136727067
SED0886,,1,-0.003315174061161441
LBC0356,,1,-0.003315174061161441
CKH0144,,1,0.027270203136727067
MBG0438,,1,0.027270203136727067
MVF0594,,1,-0.011999803018090893
ATF0274,,1,0.027270203136727067
KTG0091,,1,0.027270203136727067
ACC0042,,1,-0.003315174061161441
AKW0167,,1,0.027270203136727067
KPR0497,,1,-0.033807440707860126
ABN0239,,1,-0.02123547583853147
CKB0482,,1,0.027270203136727067
AMH0464,,1,-0.02123547583853147
QCH0110,,1,-0.011999803018090893
SGG0787,,1,-0.011999803018090893
SIJ0661,,1,0.027270203136727067
BTW0005,,1,-0.033807440707860126
RLB0719,,1,-0.003315174061161441
WDO0870,,1,-0.003315174061161441
KCB0815,,1,-0.011999803018090893
VCY0751,,1,0.027270203136727067
BAJ0654,,-1,-0.04153135229928173
MKL0941,,1,0.027270203136727067
EGD0409,,1,-0.02123547583853147
DBS0235,,-1,-0.04153135229928173
JJH0613,,1,-0.033807440707860126
UFK0208,,1,-0.033807440707860126
BLB0114,,-1,-0.04153135229928173
CKD0680,,1,0.027270203136727067
MKG0711,,1,0.027270203136727067
EDA0684,,1,-0.003315174061161441
IIL0513,,1,0.027270203136727067
TSM0363,,1,-0.003315174061161441
PBP0002,,1,0.027270203136727067
LHB0606,,1,0.027270203136727067
GTD0898,,1,-0.011999803018090893
CJH0702,,1,0.027270203136727067
DMK0257,,1,-0.003315174061161441
WIQ0567,,1,-0.02123547583853147
PTH0830,,1,-0.011999803018090893
NCO0666,,1,-0.033807440707860126
MHG0733,,1,0.027270203136727067
RAW0915,,-1,-0.04153135229928173
HAM0985,,1,0.027270203136727067
SAB0781,,1,0.027270203136727067
IBM0671,,1,-0.033807440707860126
YDN0198,,1,-0.033807440707860126
GAF0060,,1,-0.011999803018090893
AMM0014,,1,-0.011999803018090893
AMV0036,,1,0.027270203136727067
MOP0763,,1,0.027270203136727067
CBG0490,,1,0.027270203136727067
CNE0352,,1,0.027270203136727067
GQP0743,,1,0.027270203136727067
PTH0552,,1,-0.02123547583853147
GLR0975,,1,-0.02123547583853147
GTD0219,,1,-0.003315174061161441
BKW0374,,1,-0.003315174061161441
CAH0936,,1,-0.003315174061161441
AIP0982,,1,-0.033807440707860126
KRV0372,,1,-0.003315174061161441
IAT0263,,1,0.027270203136727067
JBD0616,,1,-0.033807440707860126
RUM0880,,1,-0.003315174061161441
DGM0754,,1,0.027270203136727067
SMY0792,,1,-0.033807440707860126
HOB0994,,1,-0.011999803018090893
DGN0480,,1,0.027270203136727067
KJJ0293,,-1,-0.04153135229928173
JXH0493,,1,0.027270203136727067
PGH0184,,1,-0.011999803018090893
JPW0741,,1,0.027270203136727067
NMG0766,,1,0.027270203136727067
HMW0713,,1,0.027270203136727067
MAH0864,,1,0.027270203136727067
QNF0205,,1,0.027270203136727067
KKW0879,,-1,-0.2071963809185251
TEM0093,,1,0.027270203136727067
RVF0201,,1,-0.033807440707860126
TMA0069,,1,-0.02123547583853147
VFM0814,,-1,-0.04153135229928173
SBN0866,,1,-0.003315174061161441
ZJE0857,,1,-0.033807440707860126
HPM0986,,1,0.027270203136727067
CJP0952,,1,-0.003315174061161441
DRR0162,,1,0.027270203136727067
ESR0693,,-1,-0.04153135229928173
CWR0502,,1,-0.033807440707860126
SLB0049,,1,0.027270203136727067
IDO0176,,1,0.027270203136727067
AGB0186,,1,-0.011999803018090893
RJB0088,,1,0.027270203136727067
OCB0805,,1,0.027270203136727067
ETR0428,,1,-0.033807440707860126
IKP0472,,-1,-0.04153135229928173
LHB0967,,1,0.027270203136727067
CCM0467,,1,-0.02123547583853147
GKO0078,,1,-0.033807440707860126
GNS0178,,1,-0.003315174061161441
SSS0345,,1,-0.011999803018090893
LOM0086,,1,-0.033807440707860126
SSR0278,,1,-0.011999803018090893
ALH0402,,1,-0.011999803018090893
AKK0329,,1,-0.011999803018090893
EWH0191,,1,0.027270203136727067
TVS0050,,1,-0.003315174061161441
TUC0632,,1,-0.011999803018090893
SKG0759,,1,0.027270203136727067
IMG0320,,1,0.027270203136727067
BBG0325,,1,-0.033807440707860126
CTW0500,,1,0.027270203136727067
SBN0495,,1,0.027270203136727067
ELH0960,,1,0.027270203136727067
BMS0877,,1,0.027270203136727067
TSG0906,,1,-0.011999803018090893
RKD0604,,-1,-0.2071963809185251
JMK0099,,1,-0.033807440707860126
MKP0861,,1,0.027270203136727067
HIW0536,,1,-0.011999803018090893
CTR0697,,-1,-0.2071963809185251
BHC0665,,1,-0.033807440707860126
DCH0843,,-1,-0.2136352410024932
WIF0691,,-1,-0.04153135229928173
HWM0342,,-1,-0.04153135229928173
MNC0717,,1,-0.033807440707860126
ARB0881,,1,-0.011999803018090893
AHC0142,,1,-0.033807440707860126
ZFM0468,,1,-0.02123547583853147
DIW0118,,1,-0.033807440707860126
USH0199,,1,-0.033807440707860126
MAD0753,,1,0.027270203136727067
KDS0349,,1,0.027270203136727067
LJB0826,,1,-0.011999803018090893
FKK0055,,1,-0.033807440707860126
TAP0551,,1,-0.003315174061161441
FPC0954,,1,0.027270203136727067
GBM0603,,1,0.027270203136727067
CXC0336,,1,-0.011999803018090893
HMM0108,,-1,-0.04153135229928173
FDE0117,,1,-0.011999803018090893
FUM0015,,1,-0.011999803018090893
NAB0801,,1,0.027270203136727067
GJT0386,,1,0.027270203136727067
KAC0124,,1,-0.011999803018090893
RGH0728,,1,0.027270203136727067
CCR0863,,1,0.027270203136727067
TTD1000,,1,-0.011999803018090893
OKB0439,,1,0.027270203136727067
XAA0104,,1,0.027270203136727067
RFP0380,,1,0.027270203136727067
JTS0389,,1,-0.033807440707860126
CMS0454,,1,-0.02123547583853147
JKB0126,,1,-0.011999803018090893
LAM0911,,1,-0.011999803018090893
GCC0744,,1,0.027270203136727067
CLH0703,,1,0.027270203136727067
KMW0545,,1,-0.02123547583853147
PSF0133,,1,-0.02123547583853147
NHH0185,,-1,-0.04153135229928173
NCE0097,,1,0.027270203136727067
CCL0068,,1,-0.02123547583853147
AJC0840,,1,-0.011999803018090893
GCC0945,,1,0.027270203136727067
NAB0903,,1,-0.011999803018090893
AOS0987,,-1,-0.04153135229928173
JAD0609,,1,-0.033807440707860126
AMW0392,,1,-0.011999803018090893
FIR0920,,-1,-0.04153135229928173
RNP0211,,1,0.027270203136727067
RHY0079,,-1,-0.04153135229928173
CLS0296,,1,-0.02123547583853147
JSA0775,,1,0.027270203136727067
RDM0115,,1,0.027270203136727067
JKM0303,,1,-0.02123547583853147
IJM0139,,1,-0.02123547583853147
SVL0940,,1,0.027270203136727067
LDG0459,,-1,-0.04153135229928173
ROB0272,,1,0.027270203136727067
LNS0989,,-1,-0.04153135229928173
CNM0800,,1,0.027270203136727067
HGN0287,,1,-0.011999803018090893
KMS0657,,1,-0.011999803018090893
BMG0917,,-1,-0.2136352410024932
HVB0037,,1,0.027270203136727067
PNH0761,,1,-0.003315174061161441
JLW0053,,1,-0.011999803018090893
JNA0559,,1,-0.02123547583853147
OYM0026,,-1,-0.04153135229928173
NIH0969,,1,-0.033807440707860126
RCC0617,,1,0.027270203136727067
GJD0298,,1,-0.02123547583853147
MLL0598,,1,-0.011999803018090893
DSM0591,,1,-0.011999803018090893
BTL0226,,1,-0.003315174061161441
SBN0971,,1,0.027270203136727067
CCW0524,,1,0.027270203136727067
IWM0816,,1,-0.011999803018090893
JOL0024,,1,0.027270203136727067
ENL0100,,1,0.027270203136727067
TIW0299,,1,-0.02123547583853147
ZSK0258,,1,0.027270203136727067
CGF0337,,1,-0.011999803018090893
EHB0420,,1,-0.003315174061161441
RGN0408,,1,-0.02123547583853147
FHO0630,,1,0.027270203136727067
JKJ0698,,1,-0.033807440707860126
SCF0608,,1,0.027270203136727067
BVC0790,,1,-0.003315174061161441
NRF0137,,1,-0.011999803018090893
HDD0789,,1,0.027270203136727067
IEB0153,,-1,-0.04153135229928173
ICH0294,,-1,-0.04153135229928173
ZSL0305,,1,-0.02123547583853147
AJP0723,,1,0.027270203136727067
GDF0704,,1,-0.033807440707860126
TJD0996,,1,-0.011999803018090893
OMS0101,,1,0.027270203136727067
BCM0653,,1,-0.011999803018090893
BDB0453,,1,-0.003315174061161441
NCK0421,,1,-0.02123547583853147
LPH0572,,1,-0.011999803018090893
MFV0897,,1,-0.011999803018090893
MAH0149,,1,0.027270203136727067
ECR0822,,1,-0.011999803018090893
POB0343,,1,-0.011999803018090893
IRT0491,,1,0.027270203136727067
HKI0171,,1,0.027270203136727067
DIB0285,,1,-0.011999803018090893
IAR0694,,-1,-0.04153135229928173
CMM0487,,1,0.027270203136727067
LCC0819,,1,-0.011999803018090893
AGB0643,,1,-0.011999803018090893
PID0426,,1,-0.003315174061161441
HLM0933,,1,0.027270203136727067
KRL0062,,1,0.027270203136727067
MPM0220,,1,-0.003315174061161441
JDB0169,,1,0.027270203136727067
AAS0442,,1,0.027270203136727067
ZJS0269,,1,0.027270203136727067
CJM0521,,1,0.027270203136727067
MDH0580,,1,-0.011999803018090893
JRS0362,,1,-0.003315174061161441
WXH0872,,1,-0.003315174061161441
MHA0798,,1,0.027270203136727067
JZD0888,,1,-0.011999803018090893
HDD0806,,-1,-0.04153135229928173
BSB0990,,1,0.027270203136727067
ALC0788,,1,-0.011999803018090893
JCR0921,,1,-0.011999803018090893
RRA0938,,1,0.027270203136727067
SHW0578,,1,-0.011999803018090893
GCL0016,,-1,-0.04153135229928173
GOK0238,,1,-0.02123547583853147
BCB0679,,1,-0.033807440707860126
IHK0841,,1,-0.011999803018090893
SAP0867,,1,0.027270203136727067
ALD0529,,1,0.027270203136727067
KRG0158,,1,0.027270203136727067
TJB0302,,1,-0.02123547583853147
ILC0838,,1,-0.011999803018090893
RIH0777,,1,0.027270203136727067
HCW0419,,1,-0.02123547583853147
DAL0673,,1,-0.033807440707860126
RMS0266,,1,0.027270203136727067
KDT0346,,1,-0.011999803018090893
KAL0395,,1,-0.011999803018090893
ARD0509,,1,-0.033807440707860126
BTL0722,,1,0.027270203136727067
WPE0538,,1,-0.011999803018090893
CLF0852,,1,-0.033807440707860126
HJA0018,,1,-0.02123547583853147
MIM0712,,1,0.027270203136727067
CEJ0109,,1,-0.011999803018090893
JCW0858,,1,0.027270203136727067
DFR0218,,1,-0.003315174061161441
BAL0044,,1,-0.003315174061161441
ASS0206,,1,0.027270203136727067
IUB0565,,1,-0.02123547583853147
ASG0048,,1,0.027270203136727067
TET0621,,1,-0.033807440707860126
ARA0252,,1,0.027270203136727067
AMR0318,,1,-0.003315174061161441
WTF0387,,1,0.027270203136727067
AJL0462,,1,-0.003315174061161441
SDF0017,,1,-0.02123547583853147
RDM0150,,1,0.027270203136727067
HKF0831,,1,-0.011999803018090893
DGF0443,,1,0.027270203136727067
CAB0614,,1,-0.033807440707860126
DBG0261,,1,0.027270203136727067
ZDW0859,,1,-0.033807440707860126
UCH0519,,1,0.027270203136727067
CAC0889,,1,-0.011999803018090893
EHD0584,,1,-0.003315174061161441
OLB0749,,1,0.027270203136727067
BWH0813,,1,-0.011999803018090893
DMG0358,,1,-0.003315174061161441
MAE0331,,1,-0.011999803018090893
AMD0077,,1,0.027270203136727067
XLB0710,,1,0.027270203136727067
DAG0558,,1,-0.02123547583853147
WLV0566,,1,-0.02123547583853147
EHB0824,,-1,-0.2136352410024932
FBW0747,,1,-0.033807440707860126
SNC0187,,1,-0.011999803018090893
IBB0359,,1,-0.003315174061161441
RAM0447,,1,-0.02123547583853147
AJD0074,,1,-0.033807440707860126
MSH0040,,1,-0.003315174061161441
QJR0688,,-1,-0.04153135229928173
HTF0641,,1,-0.011999803018090893
RDT0424,,-1,-0.04153135229928173
XRS0633,,1,-0.011999803018090893
RLG0856,,1,-0.003315174061161441
MLD0755,,1,0.027270203136727067
MOS0047,,1,-0.003315174061161441
ETR0177,,1,-0.011999803018090893
RYB0718,,1,0.027270203136727067
AAE0190,,1,-0.011999803018090893
NAF0033,,1,0.027270203136727067
DVM0265,,1,-0.033807440707860126
JFC0757,,1,0.027270203136727067
AOB0019,,1,-0.02123547583853147
AIP0394,,-1,-0.2136352410024932
JJB0127,,1,-0.011999803018090893
MCS0035,,1,0.027270203136727067
ABC0253,,1,0.027270203136727067
TQS0212,,1,-0.033807440707860126
RSM0277,,1,-0.033807440707860126
JER0404,,1,-0.011999803018090893
CIG0052,,1,0.027270203136727067
IIW0249,,1,-0.003315174061161441
HVF0067,,-1,-0.04153135229928173
HWW0436,,1,-0.003315174061161441
PEV0323,,1,-0.003315174061161441
PGO0433,,1,0.027270203136727067
MVB0515,,1,-0.033807440707860126
TJG0582,,1,-0.011999803018090893
SRH0155,,1,-0.003315174061161441
IJM0444,,-1,-0.2071963809185251
CIM0271,,1,-0.033807440707860126
CSL0949,,1,0.027270203136727067
AAN0823,,1,-0.011999803018090893
JGT0221,,1,-0.003315174061161441
AKH0758,,1,0.027270203136727067
HSG0818,,1,-0.011999803018090893
MIL0255,,1,0.027270203136727067
JGM0934,,1,0.027270203136727067
KCO0122,,1,-0.003315174061161441
SGB0140,,-1,-0.04153135229928173
NAF0326,,1,-0.033807440707860126
IUY0279,,-1,-0.04153135229928173
EIM0156,,1,0.027270203136727067
ABH0663,,1,0.027270203136727067
EZT0640,,-1,-0.04153135229928173
BAK0964,,1,0.027270203136727067
JCC0225,,1,-0.003315174061161441
EMW0105,,1,-0.011999803018090893
KLH0596,,-1,-0.2136352410024932
SJF0094,,1,0.027270203136727067
CSJ0340,,1,-0.011999803018090893
RMW0542,,1,-0.02123547583853147
JHP0583,,1,-0.003315174061161441
HSD0457,,1,-0.02123547583853147
YWW0660,,1,-0.011999803018090893
PGC0066,,1,-0.02123547583853147
MSO0222,,1,-0.003315174061161441
WDV0573,,1,-0.003315174061161441
QRM0739,,1,-0.033807440707860126
ASS0517,,1,0.027270203136727067
LUR0896,,1,-0.003315174061161441
ESH0283,,-1,-0.04153135229928173
WBC0192,,1,-0.033807440707860126
PLH0715,,1,0.027270203136727067
VSA0230,,-1,-0.04153135229928173
KJG0910,,1,-0.011999803018090893
DBW0483,,1,0.027270203136727067
KBC0054,,1,0.027270203136727067
CSC0217,,1,-0.003315174061161441
BRS0734,,1,0.027270203136727067
KNB0022,,1,0.027270203136727067
PIS0522,,1,-0.033807440707860126
ADD0846,,1,-0.011999803018090893
MAD0496,,1,0.027270203136727067
NKP0236,,1,-0.003315174061161441
VLB0647,,1,-0.011999803018090893
DKB0631,,1,-0.011999803018090893
KES0729,,1,-0.033807440707860126
IBB0696,,1,-0.033807440707860126
BLL0929,,1,0.027270203136727067
ABC0174,,1,0.027270203136727067
HAH0248,,1,0.027270203136727067
NBC0412,,-1,-0.04153135229928173
CRP0456,,1,-0.02123547583853147
JIG0128,,1,-0.011999803018090893
IJR0825,,1,-0.011999803018090893
XWD0923,,1,-0.011999803018090893
LDD0560,,1,-0.003315174061161441
ESH0135,,1,-0.02123547583853147
RHO0732,,1,-0.003315174061161441
DGW0752,,1,0.027270203136727067
HPR0585,,1,-0.011999803018090893
TBT0461,,1,-0.02123547583853147
SAK0375,,1,-0.003315174061161441
BJH0811,,1,-0.011999803018090893
TVS0006,,1,-0.033807440707860126
FAW0032,,1,-0.02123547583853147
WSR0241,,-1,-0.04153135229928173
LRW0970,,1,0.027270203136727067
ZMC0284,,1,-0.011999803018090893
SAC0687,,1,-0.011999803018090893
CKB0427,,1,0.027270203136727067
BTS0011,,1,0.027270203136727067
IIA0092,,1,0.027270203136727067
WKD0013,,1,-0.003315174061161441
JNJ0556,,1,-0.02123547583853147
TLH0648,,1,-0.011999803018090893
IBP0883,,-1,-0.2136352410024932
WAS0254,,1,0.027270203136727067
QNP0216,,1,-0.003315174061161441
KLM0639,,1,-0.011999803018090893
AIB0948,,1,-0.033807440707860126
RBB0485,,1,0.027270203136727067
RZC0746,,1,-0.033807440707860126
MDM0976,,1,-0.02123547583853147
XBN0229,,1,-0.011999803018090893
SMH0291,,-1,-0.04153135229928173
MCD0125,,-1,-0.04153135229928173
MHG0244,,1,0.027270203136727067
RAS0432,,1,0.027270203136727067
EIP0997,,1,-0.011999803018090893
EMW0772,,1,-0.033807440707860126
SBQ0786,,1,0.027270203136727067
PDH0716,,1,-0.033807440707860126
GZB0469,,1,-0.02123547583853147
NMB0972,,1,0.027270203136727067
ONL0276,,1,0.027270203136727067
MBJ0312,,1,-0.033807440707860126
DRR0242,,1,-0.02123547583853147
AJH0175,,1,-0.003315174061161441
LQP0508,,1,-0.033807440707860126
DVW0103,,1,0.027270203136727067
SMB0804,,1,0.027270203136727067
KBG0549,,-1,-0.04153135229928173
BAH0875,,1,-0.003315174061161441
SLT0907,,1,-0.011999803018090893
JAV0361,,1,-0.003315174061161441
COM0321,,1,0.027270203136727067
CCC0393,,1,-0.011999803018090893
QSV0778,,1,0.027270203136727067
BMC0547,,1,-0.02123547583853147
AWM0764,,1,0.027270203136727067
FXF0957,,1,0.027270203136727067
SVS0871,,1,-0.033807440707860126
DJS0682,,1,-0.011999803018090893
NHE0919,,1,-0.011999803018090893
MPT0376,,1,-0.033807440707860126
AQD0820,,1,-0.011999803018090893
YEV0793,,1,0.027270203136727067
ZCF0590,,1,-0.011999803018090893
KQC0708,,1,0.027270203136727067
LJR0523,,-1,-0.2071963809185251
CQH0701,,1,0.027270203136727067
PDW0259,,1,-0.033807440707860126
FWM0707,,1,-0.033807440707860126
HDS0367,,1,-0.003315174061161441
JRH0455,,1,-0.02123547583853147
SER0165,,1,-0.011999803018090893
SBD0913,,1,0.027270203136727067
JKF0465,,1,-0.02123547583853147
CFW0264,,1,0.027270203136727067
BNR0965,,1,0.027270203136727067
ASV0946,,1,0.027270203136727067
KNG0672,,1,0.027270203136727067
NNA0610,,1,0.027270203136727067
KQS0415,,1,-0.02123547583853147
MHH0180,,1,-0.011999803018090893
EGD0132,,1,-0.02123547583853147
VTT0385,,1,-0.033807440707860126
ASG0692,,1,-0.011999803018090893
WPR0368,,1,-0.003315174061161441
HAV0121,,1,-0.011999803018090893
HCC0344,,1,-0.011999803018090893
UBF0645,,1,-0.011999803018090893
TSR0676,,1,0.027270203136727067
NKH0979,,1,-0.033807440707860126
SXM0895,,1,-0.011999803018090893
KCS0173,,1,-0.033807440707860126
CCA0046,,1,-0.003315174061161441
PMV0850,,-1,-0.04153135229928173
PKB0281,,1,-0.011999803018090893
MIC0726,,1,0.027270203136727067
SDO0170,,1,0.027270203136727067
VAA0087,,1,-0.033807440707860126
ELB0847,,-1,-0.04153135229928173
SBK0161,,-1,-0.04153135229928173
ASL0378,,1,0.027270203136727067
TLM0797,,1,0.027270203136727067
SOF0808,,1,-0.011999803018090893
SGM0021,,1,0.027270203136727067
MYD0978,,-1,-0.04153135229928173
FBA0348,,1,-0.02123547583853147
ARL0034,,1,0.027270203136727067
YJF0532,,1,-0.033807440707860126
RJM0381,,1,-0.033807440707860126
VSS0154,,1,-0.011999803018090893
JMW0638,,1,-0.011999803018090893
IKR0401,,1,-0.011999803018090893
EMS0317,,1,0.027270203136727067
FTM0406,,1,-0.003315174061161441
RAR0725,,1,0.027270203136727067
MNS0224,,1,-0.003315174061161441
WVB0539,,1,0.027270203136727067
SSG0250,,1,0.027270203136727067
MLM0950,,1,-0.003315174061161441
HPH0075,,1,0.027270203136727067
VMJ0546,,1,-0.02123547583853147
NLO0131,,1,-0.02123547583853147
PES0085,,1,0.027270203136727067
OHC0973,,1,0.027270203136727067
NMF0780,,1,0.027270203136727067
LEM0605,,1,0.027270203136727067
BEC0505,,1,0.027270203136727067
OLF0504,,1,0.027270203136727067
KVS0425,,1,-0.02123547583853147
AJR0319,,1,0.027270203136727067
DLS0383,,1,0.027270203136727067
BCR0581,,-1,-0.04153135229928173
LDB0090,,1,0.027270203136727067
GAF0570,,-1,-0.04153135229928173
NNS0059,,1,-0.011999803018090893
JRL0574,,1,-0.011999803018090893
NSS0876,,1,0.027270203136727067
SOB0586,,1,-0.011999803018090893
DDA0476,,1,0.027270203136727067
DEB0782,,1,0.027270203136727067
OLW0689,,1,-0.011999803018090893
MMG0943,,1,-0.033807440707860126
RNL0695,,1,-0.011999803018090893
LNR0656,,1,-0.011999803018090893
AMJ0297,,1,-0.02123547583853147
HRL0540,,1,-0.02123547583853147
DLF0377,,1,0.027270203136727067
MVH0373,,1,-0.003315174061161441
TPH0474,,1,-0.02123547583853147
KCF0045,,1,-0.003315174061161441
BIS0247,,1,-0.003315174061161441
MSS0001,,1,0.027270203136727067
EFS0882,,1,-0.011999803018090893
NWK0215,,1,-0.003315174061161441
PNL0301,,1,-0.02123547583853147
CSH0626,,1,-0.003315174061161441
BHW0458,,1,-0.02123547583853147
SSH0799,,1,-0.033807440707860126
ANM0123,,-1,-0.04153135229928173
CAS0507,,-1,-0.2071963809185251
DID0650,,1,-0.011999803018090893
KAT0270,,1,0.027270203136727067
TEM0977,,1,-0.02123547583853147
SHR0334,,1,-0.011999803018090893
JDC0030,,-1,-0.04153135229928173
CKP0721,,1,0.027270203136727067
HIA0414,,1,-0.02123547583853147
HSP0290,,1,-0.02123547583853147
HRW0550,,1,-0.02123547583853147
KBB0189,,1,0.027270203136727067
CBB0365,,1,-0.003315174061161441
DLH0029,,1,-0.011999803018090893
NRO0768,,1,0.027270203136727067
NWT0098,,1,0.027270203136727067
QPM0727,,1,0.027270203136727067
KVT0028,,1,-0.011999803018090893
LFS0071,,1,-0.02123547583853147
WNB0908,,1,-0.011999803018090893
PAD0773,,1,-0.033807440707860126
BJH0354,,1,0.027270203136727067
ONW0083,,1,0.027270203136727067
SSJ0784,,1,-0.003315174061161441
KJP0371,,1,-0.003315174061161441
IMB0481,,1,0.027270203136727067
BQS0525,,1,-0.033807440707860126
BTR0403,,-1,-0.04153135229928173
DLM0051,,1,-0.033807440707860126
AHM0410,,-1,-0.04153135229928173
CHM0821,,1,-0.003315174061161441
JBM0350,,1,-0.003315174061161441
JRG0207,,1,-0.003315174061161441
PLH0862,,1,0.027270203136727067
RCP0785,,1,0.027270203136727067
NSC0597,,-1,-0.04153135229928173
AVM0947,,1,-0.033807440707860126
MSZ0310,,1,0.027270203136727067
SDB0106,,-1,-0.04153135229928173
HAC0282,,1,-0.011999803018090893
HSB0196,,-1,-0.2136352410024932
ASB0796,,1,0.027270203136727067
WRM0963,,1,-0.033807440707860126
BRM0995,,-1,-0.04153135229928173
SES0477,,1,0.027270203136727067
JTM0223,,1,-0.003315174061161441
RNF0765,,1,0.027270203136727067
GNZ0953,,1,0.027270203136727067
HRB0351,,-1,-0.04153135229928173
ZSB0649,,1,-0.011999803018090893
ADC0391,,1,-0.011999803018090893
PMC0328,,1,-0.011999803018090893
ILJ0526,,1,-0.033807440707860126
ANT0430,,1,-0.033807440707860126
DFH0188,,-1,-0.04153135229928173
LLV0602,,1,0.027270203136727067
GCR0554,,1,-0.02123547583853147
SJO0209,,1,-0.033807440707860126
NGC0058,,-1,-0.04153135229928173
YIC0195,,-1,-0.04153135229928173
EDB0714,,1,0.027270203136727067
LHL0309,,1,0.027270203136727067
HFB0347,,1,-0.011999803018090893
EJW0884,,1,-0.011999803018090893
CRO0027,,1,-0.003315174061161441
HKR0628,,1,-0.033807440707860126
GTD0116,,1,-0.011999803018090893
DSB0731,,1,0.027270203136727067
COF0120,,-1,-0.2136352410024932
HDJ0446,,1,-0.02123547583853147
CHG0146,,1,0.027270203136727067
AIH0675,,1,0.027270203136727067
TNM0961,,1,-0.033807440707860126
APG0307,,1,-0.02123547583853147
RHC0335,,1,-0.011999803018090893
CQW0652,,1,-0.011999803018090893
HJS0072,,-1,-0.04153135229928173
XHW0498,,1,0.027270203136727067
IJW0851,,1,0.027270203136727067
NAR0981,,1,0.027270203136727067
NUL0471,,1,-0.02123547583853147
DIB0081,,1,-0.033807440707860126
BSS0369,,1,-0.003315174061161441
MIB0904,,1,-0.011999803018090893
AAF0535,,1,0.027270203136727067
HBB0056,,1,0.027270203136727067
MCJ0324,,1,0.027270203136727067
HDH0928,,1,-0.011999803018090893
HXL0968,,1,0.027270203136727067
MOH0273,,1,0.027270203136727067
KNW0644,,1,-0.011999803018090893
CGA0629,,1,0.027270203136727067
NMS0280,,-1,-0.04153135229928173
THD0448,,1,-0.02123547583853147
SPA0141,,1,-0.003315174061161441
LPC0492,,1,-0.033807440707860126
BTN0061,,-1,-0.04153135229928173
HGH0595,,1,-0.011999803018090893
BAM0611,,1,0.027270203136727067
KKC0683,,1,-0.011999803018090893
BBS0422,,1,-0.003315174061161441
HDL0748,,1,0.027270203136727067
NRD0548,,1,-0.02123547583853147
DCC0160,,1,-0.011999803018090893
MES0407,,1,-0.02123547583853147
LMF0980,,1,0.027270203136727067
BMM0112,,1,-0.011999803018090893
LTS0860,,1,0.027270203136727067
AOK0844,,1,-0.003315174061161441
ESJ0670,,1,-0.033807440707860126
AAF0791,,1,0.027270203136727067
KRL0501,,1,0.027270203136727067
SAC0592,,1,-0.011999803018090893
UCS0227,,1,-0.011999803018090893
JCR0770,,1,0.027270203136727067
ICS0956,,1,0.027270203136727067
MKW0441,,-1,-0.2071963809185251
TSM0927,,1,-0.011999803018090893
OJK0233,,1,-0.011999803018090893
SMW0084,,1,0.027270203136727067
BEH0615,,1,-0.033807440707860126
ADF0397,,1,-0.011999803018090893
NJC0705,,1,0.027270203136727067
BYP0070,,1,-0.02123547583853147
JMD0520,,1,-0.003315174061161441
LAF0991,,1,-0.011999803018090893
KBS0874,,1,0.027270203136727067
GHH0288,,1,-0.003315174061161441
TAC0300,,1,-0.02123547583853147
JAJ0849,,1,-0.003315174061161441
NOB0181,,-1,-0.04153135229928173
DTP0379,,1,-0.033807440707860126
CJM0138,,1,-0.02123547583853147
FHS0837,,1,-0.011999803018090893
CAA0612,,1,0.027270203136727067
ELT0769,,1,0.027270203136727067
KJW0416,,1,-0.02123547583853147
CTR0341,,1,-0.003315174061161441
DIC0988,,1,-0.011999803018090893
JJH0292,,-1,-0.04153135229928173
MJS0890,,1,-0.011999803018090893
TOR0193,,-1,-0.04153135229928173
SCB0534,,1,0.027270203136727067
MDH0686,,-1,-0.04153135229928173
JOM0750,,1,0.027270203136727067
BRB0355,,1,-0.033807440707860126
MJM0510,,1,-0.033807440707860126
KJM0887,,1,-0.011999803018090893
CBG0398,,1,-0.011999803018090893
RRC0553,,1,-0.02123547583853147
TDS0984,,1,-0.033807440707860126
LRR0148,,1,-0.033807440707860126
ARB0834,,1,-0.011999803018090893
KPC0073,,1,-0.003315174061161441
CLB0774,,1,-0.003315174061161441
VEB0935,,1,0.027270203136727067
MCT0720,,1,0.027270203136727067
JDF0593,,1,-0.003315174061161441
CJG0470,,1,-0.02123547583853147
RGG0064,,-1,-0.17562500924102065
BXJ0010,,1,-0.02123547583853147
WBC0315,,1,0.027270203136727067
CGB0637,,1,-0.011999803018090893
CAN0842,,1,-0.011999803018090893
HTH0007,,1,-0.033807440707860126
BJM0111,,-1,-0.2136352410024932
MAW0166,,1,0.027270203136727067
PPF0435,,1,-0.003315174061161441
SEJ0677,,1,0.027270203136727067
ACV0812,,1,-0.003315174061161441
KWE0082,,1,0.027270203136727067
ECL0930,,1,0.027270203136727067
RHP0484,,1,-0.033807440707860126
BAM0636,,1,-0.011999803018090893
DDM0579,,1,-0.011999803018090893
UIR0043,,1,-0.003315174061161441
JCR0172,,1,0.027270203136727067
ATE0869,,1,-0.003315174061161441
IBS0836,,1,-0.003315174061161441
DTT0076,,1,0.027270203136727067
PRM0740,,1,0.027270203136727067
FGW0853,,1,-0.003315174061161441
JSH0330,,1,-0.011999803018090893
FSB0399,,1,-0.011999803018090893
