CEL0561,,1,0.1087348426233018
CRD0624,,1,-0.019141119657605787
JFC0557,,1,0.10885649022438554
ASD0577,,1,0.1602770713638172
MAR0955,,-1,-0.07913759188129121
GRM0868,,1,0.16083651559056877
AAL0706,,1,0.16083651559056877
RVC0232,,1,0.16524656150146788
TCD0009,,1,0.1602770713638172
ASM0575,,1,0.09384679162950144
DAR0885,,-1,-0.06315089614444713
JLM0364,,-1,-0.10113255933283849
FOB0756,,-1,-0.04173967775389775
GCG0951,,1,0.05302077800447691
HWY0038,,-1,-0.11653867355978687
AAV0450,,1,0.16524656150146788
CJV0286,,1,0.06637848104080629
TDG0962,,1,0.032677901054995906
SVL0803,,1,0.1602770713638172
QOS0878,,1,0.038618630985583935
MDM0625,,1,0.04183802727525204
GMF0738,,1,0.16524656150146788
BER0314,,1,0.16083651559056877
AMR0400,,1,0.16524656150146788
YCE0983,,1,0.16083651559056877
BJW0619,,1,0.16524656150146788
DPS0262,,-1,-0.07609879149670262
TYB0779,,1,0.09384679162950144
MAS0025,,-1,-0.04915373095529196
KBL0260,,1,0.16083651559056877
GHL0460,,1,0.02114014399146491
FMG0527,,1,-0.018936278005525886
HCL0651,,1,-0.03511326065454723
SCP0130,,1,0.06470334377084858
CMW0783,,1,0.1602770713638172
RKF0164,,1,0.16083651559056877
DOL0332,,1,0.16083651559056877
RSC0089,,-1,-0.039958133636356474
CCM0136,,1,0.016301063941767724
NCH0179,,1,0.16083651559056877
NBH0256,,1,0.16083651559056877
ORG0339,,1,0.16083651559056877
FRR0832,,1,0.1602770713638172
MSD0939,,1,0.16083651559056877
OQH0183,,1,0.16083651559056877
BSH0445,,1,0.16524656150146788
KSP0357,,-1,-0.1204145441740666
NGO0690,,1,0.10885649022438554
VCC0396,,1,-0.02521162745180494
WDD0366,,-1,-0.16368653905392339
KPP0452,,1,0.16524656150146788
RTO0313,,1,0.005452848152465051
ABM0845,,1,-0.013397460428353658
VIA0063,,1,0.16524656150146788
BIH0745,,1,0.008893156408691594
CCW0031,,1,0.16083651559056877
IYB0918,,1,0.1602770713638172
ORM0669,,1,0.08346098504284544
MJB0588,,1,0.1602770713638172
ALB0892,,1,0.12529990350152154
LIM0674,,-1,-0.049125324713485075
LHN0151,,1,0.1602770713638172
WTR0563,,1,0.13116306626591923
MKS0204,,1,0.16083651559056877
AAW0353,,1,0.16524656150146788
WJD0576,,1,0.1602770713638172
ILH0958,,1,0.015542797740661474
TLK0993,,1,0.12529990350152154
WAB0143,,1,0.16083651559056877
RAG0275,,1,0.16083651559056877
LQC0479,,1,-0.006535826511888998
KWC0004,,1,0.16524656150146788
CJK0200,,1,0.16083651559056877
FEB0306,,1,0.028592996160160256
IJM0776,,1,0.1602770713638172
NKH0807,,1,0.1602770713638172
JMC0925,,1,-0.03365802741529089
SBH0537,,1,0.10885649022438554
JJB0700,,1,0.09901968229922115
AIS0405,,1,0.16524656150146788
HAH0760,,1,0.09384679162950144
AHD0848,,1,0.025643380970943763
LDM0587,,1,0.1602770713638172
AJN0607,,1,0.0520620302896338
BBS0039,,-1,-0.09491726336383255
EIS0041,,-1,-0.12641025645281234
MLG0475,,1,0.16524656150146788
HRD0635,,-1,-0.052016068263763704
EPW0434,,1,0.16524656150146788
JAM0382,,1,0.16524656150146788
NCK0295,,1,0.13116306626591923
LJT0817,,1,0.018389797086275972
CAM0102,,1,0.16083651559056877
SOG0411,,1,0.16524656150146788
KSH0569,,1,0.13116306626591923
BDI0533,,1,0.01678944267588911
PMJ0564,,-1,-0.07214570883796312
HGG0240,,1,0.16524656150146788
MGS0974,,1,0.08663914447103088
DHM0937,,1,0.16083651559056877
ENC0234,,1,0.08874183673536545
CEB0210,,1,0.16083651559056877
YJV0699,,1,0.16083651559056877
BMT0528,,1,0.06069911472330314
CJC0494,,1,0.1602770713638172
SOB0360,,-1,-0.09386423021668222
GCS0571,,1,0.070811004189208
BJP0134,,1,0.05460178984625352
KBP0008,,1,-0.008119746420703455
FLM0213,,1,0.16083651559056877
RRP0568,,1,0.0426966244134796
MCF0600,,-1,-0.04265162951589341
SAA0999,,1,0.09267480604741413
THR0873,,-1,-0.07791563482002395
KRM0541,,1,0.007846795046241029
KSP0966,,1,0.16083651559056877
LOF0311,,1,0.16083651559056877
MBR0724,,1,0.16083651559056877
FSC0601,,1,0.06671738193137333
MLP0668,,1,0.16524656150146788
CUD0795,,1,0.1602770713638172
AKR0057,,1,0.03866809184036557
GZC0735,,1,0.04183802727525204
HLH0512,,1,0.050140106642380555
NJB0243,,1,0.06631804825300613
GCS0518,,1,0.13116306626591923
NMC0486,,1,0.1602770713638172
KMB0922,,1,-0.03848477792949201
CFM0767,,-1,-0.052671915853693796
HAD0246,,1,-0.030029973309848468
ANP0555,,1,0.16524656150146788
LBF0214,,1,-0.025072267811043547
DJB0159,,1,0.025273140336543543
BWP0202,,1,-0.03869502433629268
FFC0891,,-1,-0.047061216285429586
AJR0932,,1,-0.014347323329880979
BDV0168,,-1,-0.04681001400953688
CQH0730,,1,0.16524656150146788
JCR0289,,1,0.13116306626591923
AES0827,,1,0.1602770713638172
SLP0762,,1,0.1602770713638172
CLD0894,,1,0.12529990350152154
LCD0622,,1,0.16524656150146788
CMB0912,,1,0.02538994104421516
ZKS0899,,1,0.044225791471095344
JCV0245,,1,0.16524656150146788
AMH0794,,1,0.1602770713638172
FKB0163,,1,0.16083651559056877
AKC0924,,1,0.1602770713638172
ILR0304,,1,0.13116306626591923
AJF0370,,-1,-0.1470026096436241
OKC0107,,1,0.12529990350152154
OCS0865,,1,0.061142995511808185
UJC0737,,1,0.16524656150146788
MBW0809,,1,0.1602770713638172
MCF0327,,1,0.16083651559056877
SGS0268,,1,0.16083651559056877
BNG0237,,1,0.11323377960554282
OSH0655,,1,0.12529990350152154
CSB0080,,1,0.16524656150146788
ERH0449,,1,0.16524656150146788
EGK0893,,1,0.12529990350152154
MMB0488,,1,0.1602770713638172
AAM0658,,1,-0.02213192702114608
ESA0642,,1,0.12529990350152154
CRK0916,,-1,-0.055752608768939615
BBH0810,,1,0.1602770713638172
JRF0835,,1,0.1602770713638172
SJC0333,,1,0.07755476385205273
HCS0003,,1,0.1602770713638172
EMB0531,,1,0.10885649022438554
JIM0095,,1,0.16083651559056877
KJS0618,,1,0.16524656150146788
EBC0390,,1,0.16524656150146788
WGS0516,,1,0.13116306626591923
NGF0157,,1,-0.011846025059119802
KAT0489,,1,0.1602770713638172
CCH0685,,1,0.03659918614048857
DMM0623,,1,0.11323377960554282
SAH0599,,1,0.1602770713638172
CPG0322,,1,0.08417125243830231
OBH0499,,-1,-0.03897266307408909
SNS0129,,1,0.16083651559056877
PKB0429,,1,0.16524656150146788
NAH0503,,1,-0.0275945045585414
FRB0023,,1,0.16083651559056877
AHG0634,,1,-0.0023215615693529257
CWB0065,,1,0.00600789861097184
ATP0662,,1,-0.02003458904165778
DPM0423,,1,0.07755476385205273
WKF0012,,1,0.16083651559056877
JMB0308,,-1,-0.04244296466603337
AKF0709,,1,0.16083651559056877
JMH0543,,1,0.11323377960554282
CJF0802,,-1,-0.04919993400494305
IRM0931,,-1,-0.06434728603930329
FQA0854,,1,0.10475284452127825
CYA0506,,1,0.13116306626591923
GRC0145,,1,0.1602770713638172
BLS0678,,1,0.007853838228952081
HJB0742,,1,-0.008974174969114013
KKS0119,,1,0.09628671831286412
RAB0589,,-1,-0.08546349751473548
DBB0384,,1,0.16524656150146788
TRK0914,,1,0.1602770713638172
BSA0431,,1,0.16524656150146788
RHL0992,,1,0.025800965479633176
CIM0926,,1,0.10146822825957863
CFG0959,,1,0.09901968229922115
VMJ0147,,1,0.1602770713638172
SAT0194,,1,0.1602770713638172
HBO0413,,1,0.16524656150146788
DZC0228,,1,0.16524656150146788
TEB0251,,1,0.10065699937554151
MNR0829,,1,0.1602770713638172
DOP0562,,1,0.13116306626591923
UAD0771,,1,0.05978522823338028
ALD0544,,1,0.16524656150146788
LCB0664,,1,0.05552456376794285
HCL0113,,1,0.12529990350152154
TSB0437,,1,0.16524656150146788
EZH0736,,1,0.16524656150146788
JCG0316,,1,0.0013981456598217146
MSG0839,,1,0.1602770713638172
LJJ0905,,1,0.032700384645797165
HCM0267,,1,0.16083651559056877
MTB0620,,1,0.11323377960554282
CCH0182,,1,0.16083651559056877
CAM0681,,1,0.10885649022438554
LBH0942,,1,0.11270815811897095
CAB0388,,1,0.11323377960554282
WGR0833,,1,0.1602770713638172
MTT0901,,1,0.06637848104080629
GQF0659,,1,0.12529990350152154
CSP0197,,1,0.005728039447913391
OMM0944,,1,0.16083651559056877
IMP0530,,1,0.13116306626591923
ORB0473,,1,0.16524656150146788
JML0909,,1,0.08515413855481807
NDM0417,,1,0.024742927029640704
FRL0511,,1,0.13116306626591923
LAP0338,,1,0.11270815811897095
HCV0478,,1,0.1087348426233018
KJA0152,,1,0.1602770713638172
ECF0828,,1,0.1602770713638172
BVN0514,,1,0.049114396596055876
BSS0463,,1,0.05549419740674055
JJM0203,,1,0.01123682669370446
AIM0627,,1,0.16524656150146788
RAH0440,,1,0.16524656150146788
XHG0902,,1,0.12529990350152154
TDJ0998,,1,0.1087348426233018
JPA0667,,1,0.16524656150146788
EHR0096,,1,0.16083651559056877
SJW0451,,1,0.16524656150146788
CNB0900,,1,0.12529990350152154
EAH0466,,1,0.07466936778463956
CTA0020,,1,0.024504835312002204
SRS0231,,1,0.16524656150146788
HWH0646,,1,0.08515413855481807
HKB0418,,1,0.16524656150146788
CCM0855,,1,0.16083651559056877
SED0886,,-1,-0.07434325114815399
LBC0356,,-1,-0.1233324756118056
CKH0144,,1,0.16083651559056877
MBG0438,,1,0.16524656150146788
MVF0594,,1,0.1602770713638172
ATF0274,,1,0.16083651559056877
KTG0091,,1,0.16083651559056877
ACC0042,,-1,-0.13069328743643027
AKW0167,,1,0.16083651559056877
KPR0497,,1,0.0313187562953019
ABN0239,,1,0.11323377960554282
CKB0482,,1,0.1602770713638172
AMH0464,,1,0.16524656150146788
QCH0110,,1,0.12529990350152154
SGG0787,,1,0.09384679162950144
SIJ0661,,1,0.16524656150146788
BTW0005,,1,0.09901968229922115
RLB0719,,-1,-0.09823833988832231
WDO0870,,-1,-0.05840326387356076
KCB0815,,1,0.09384679162950144
VCY0751,,1,0.11323377960554282
BAJ0654,,-1,-0.07766962143083656
MKL0941,,1,0.16083651559056877
EGD0409,,1,0.11323377960554282
DBS0235,,1,-0.01103683100749131
JJH0613,,1,0.05552456376794285
UFK0208,,1,0.031507900473230877
BLB0114,,1,-0.03824388873178797
CKD0680,,1,0.16083651559056877
MKG0711,,1,0.16083651559056877
EDA0684,,-1,-0.06973215592907178
IIL0513,,1,0.13116306626591923
TSM0363,,-1,-0.14872604501213316
PBP0002,,1,0.16524656150146788
LHB0606,,1,0.16524656150146788
GTD0898,,1,0.12529990350152154
CJH0702,,1,0.16083651559056877
DMK0257,,1,0.0018313671484564975
WIQ0567,,1,0.10885649022438554
PTH0830,,1,0.1602770713638172
NCO0666,,1,0.0602662394047504
MHG0733,,1,0.16524656150146788
RAW0915,,1,-0.002305051943090497
HAM0985,,1,0.16083651559056877
SAB0781,,1,0.09384679162950144
IBM0671,,1,0.09423164572744075
YDN0198,,1,0.08760366703404354
GAF0060,,1,0.16524656150146788
AMM0014,,1,0.16083651559056877
AMV0036,,1,0.16083651559056877
MOP0763,,1,0.1602770713638172
CBG0490,,1,0.1602770713638172
CNE0352,,1,0.16524656150146788
GQP0743,,1,0.16524656150146788
PTH0552,,1,0.11323377960554282
GLR0975,,1,0.11323377960554282
GTD0219,,-1,-0.09737128797966399
BKW0374,,-1,-0.09012556626589541
CAH0936,,-1,-0.06886500721902233
AIP0982,,1,0.09009708422761875
KRV0372,,-1,-0.08576447378450536
IAT0263,,1,0.16083651559056877
JBD0616,,1,0.07963968714799696
RUM0880,,1,-0.00800633645808424
DGM0754,,1,0.16524656150146788
SMY0792,,1,0.04048108957611951
HOB0994,,1,0.12529990350152154
DGN0480,,1,0.1602770713638172
KJJ0293,,1,-0.028205262814217313
JXH0493,,1,0.1602770713638172
PGH0184,,1,0.11270815811897095
JPW0741,,1,0.16524656150146788
NMG0766,,1,0.1602770713638172
HMW0713,,1,0.16083651559056877
MAH0864,,1,0.16083651559056877
QNF0205,,1,0.16083651559056877
KKW0879,,1,-0.02439162151126195
TEM0093,,1,0.16083651559056877
RVF0201,,1,0.06190068212655542
TMA0069,,1,0.16524656150146788
VFM0814,,1,-0.007238955679201298
SBN0866,,-1,-0.08493604986814807
ZJE0857,,1,0.09901968229922115
HPM0986,,1,0.16083651559056877
CJP0952,,1,-0.031118251997403035
DRR0162,,1,0.16083651559056877
ESR0693,,1,0.05774695327154561
CWR0502,,1,0.050291024510733195
SLB0049,,1,0.1602770713638172
IDO0176,,1,0.16083651559056877
AGB0186,,1,0.16083651559056877
RJB0088,,1,0.16083651559056877
OCB0805,,1,0.1602770713638172
ETR0428,,1,0.08964909495646695
IKP0472,,1,0.009166250996709757
LHB0967,,1,0.16083651559056877
CCM0467,,1,0.16524656150146788
GKO0078,,1,0.06162262805902907
GNS0178,,1,-0.01829699744915414
SSS0345,,1,0.16083651559056877
LOM0086,,1,0.10164703076655468
SSR0278,,1,0.12529990350152154
ALH0402,,1,0.16524656150146788
AKK0329,,1,0.16083651559056877
EWH0191,,1,0.09628671831286412
TVS0050,,-1,-0.04313369055110394
TUC0632,,1,0.12529990350152154
SKG0759,,1,0.1602770713638172
IMG0320,,1,0.16083651559056877
BBG0325,,1,0.10123582940382142
CTW0500,,1,0.1602770713638172
SBN0495,,1,0.1602770713638172
ELH0960,,1,0.16083651559056877
BMS0877,,1,0.16083651559056877
TSG0906,,1,0.08515413855481807
RKD0604,,1,0.019094248653970136
JMK0099,,1,0.013725960173171348
MKP0861,,1,0.09628671831286412
HIW0536,,1,0.16083651559056877
CTR0697,,1,-0.02840148436999279
BHC0665,,1,0.09267480604741413
DCH0843,,1,-0.00026632551054983633
WIF0691,,1,0.03793917551708614
HWM0342,,1,0.09009708422761875
MNC0717,,1,0.07167241023212118
ARB0881,,1,0.12529990350152154
AHC0142,,1,0.07167241023212118
ZFM0468,,1,0.16524656150146788
DIW0118,,1,0.03855938763395128
USH0199,,1,0.1156643851357439
MAD0753,,1,0.16524656150146788
KDS0349,,1,0.16524656150146788
LJB0826,,1,0.1602770713638172
FKK0055,,1,0.08923132201372763
TAP0551,,1,-0.035744987344084045
FPC0954,,1,0.16083651559056877
GBM0603,,1,0.16524656150146788
CXC0336,,1,0.16083651559056877
HMM0108,,1,0.008568083373930557
FDE0117,,1,0.1602770713638172
FUM0015,,1,0.1602770713638172
NAB0801,,1,0.1602770713638172
GJT0386,,1,0.16524656150146788
KAC0124,,1,0.1602770713638172
RGH0728,,1,0.16524656150146788
CCR0863,,1,0.16083651559056877
TTD1000,,1,0.1602770713638172
OKB0439,,1,0.16524656150146788
XAA0104,,1,0.11270815811897095
RFP0380,,1,0.16524656150146788
JTS0389,,1,0.09901968229922115
CMS0454,,1,0.16524656150146788
JKB0126,,1,0.1602770713638172
LAM0911,,1,0.09384679162950144
GCC0744,,1,0.16524656150146788
CLH0703,,1,0.16083651559056877
KMW0545,,1,0.11323377960554282
PSF0133,,1,0.13116306626591923
NHH0185,,1,0.02865999408378772
NCE0097,,1,0.16083651559056877
CCL0068,,1,0.16524656150146788
AJC0840,,1,0.1602770713638172
GCC0945,,1,0.16083651559056877
NAB0903,,1,0.12529990350152154
AOS0987,,-1,-0.039340584199166195
JAD0609,,1,0.09009708422761875
AMW0392,,1,0.11270815811897095
FIR0920,,1,0.045645474349190474
RNP0211,,1,0.09628671831286412
RHY0079,,1,0.02267193715038368
CLS0296,,1,0.13116306626591923
JSA0775,,1,0.1602770713638172
RDM0115,,1,0.16083651559056877
JKM0303,,1,0.13116306626591923
IJM0139,,1,0.13116306626591923
SVL0940,,1,0.16083651559056877
LDG0459,,1,0.05552456376794285
ROB0272,,1,0.16083651559056877
LNS0989,,1,0.06599411702559893
CNM0800,,1,0.1602770713638172
HGN0287,,1,0.12529990350152154
KMS0657,,1,0.12529990350152154
BMG0917,,-1,-0.06924644270173952
HVB0037,,1,0.16083651559056877
PNH0761,,1,-0.01869957275111045
JLW0053,,1,0.16524656150146788
JNA0559,,1,0.13116306626591923
OYM0026,,1,0.038983475027050796
NIH0969,,1,0.08760366703404354
RCC0617,,1,0.16083651559056877
GJD0298,,1,0.13116306626591923
MLL0598,,1,0.1602770713638172
DSM0591,,1,0.1602770713638172
BTL0226,,1,-0.0219770034071175
SBN0971,,1,0.16083651559056877
CCW0524,,1,0.13116306626591923
IWM0816,,1,0.09384679162950144
JOL0024,,1,0.16083651559056877
ENL0100,,1,0.16083651559056877
TIW0299,,1,0.13116306626591923
ZSK0258,,1,0.16083651559056877
CGF0337,,1,0.16083651559056877
EHB0420,,1,-0.014985366255840904
RGN0408,,1,0.16524656150146788
FHO0630,,1,0.16524656150146788
JKJ0698,,1,0.06879444896616405
SCF0608,,1,0.16524656150146788
BVC0790,,-1,-0.08383523260892278
NRF0137,,1,0.1602770713638172
HDD0789,,1,0.16083651559056877
IEB0153,,1,0.05488834667953796
ICH0294,,1,0.059579365332931844
ZSL0305,,1,0.13116306626591923
AJP0723,,1,0.16083651559056877
GDF0704,,1,0.06569894460170023
TJD0996,,1,0.1602770713638172
OMS0101,,1,0.16083651559056877
BCM0653,,1,0.12529990350152154
BDB0453,,-1,-0.08014890148995324
NCK0421,,1,0.16524656150146788
LPH0572,,1,0.1602770713638172
MFV0897,,1,0.12529990350152154
MAH0149,,1,0.1087348426233018
ECR0822,,1,0.1602770713638172
POB0343,,1,0.16083651559056877
IRT0491,,1,0.1602770713638172
HKI0171,,1,0.16083651559056877
DIB0285,,1,0.12529990350152154
IAR0694,,1,0.011462091941083774
CMM0487,,1,0.1602770713638172
LCC0819,,1,0.1602770713638172
AGB0643,,1,0.12529990350152154
PID0426,,1,-0.0030603798205351973
HLM0933,,1,0.16083651559056877
KRL0062,,1,0.16083651559056877
MPM0220,,-1,-0.10584223729241127
JDB0169,,1,0.09628671831286412
AAS0442,,1,0.11323377960554282
ZJS0269,,1,0.16083651559056877
CJM0521,,1,0.13116306626591923
MDH0580,,1,0.1602770713638172
JRS0362,,-1,-0.12426848358772924
WXH0872,,1,-0.022858565904241623
MHA0798,,1,0.1602770713638172
JZD0888,,1,0.12529990350152154
HDD0806,,1,-0.02322269398779342
BSB0990,,1,0.16083651559056877
ALC0788,,1,0.1602770713638172
JCR0921,,1,0.1602770713638172
RRA0938,,1,0.11270815811897095
SHW0578,,1,0.1602770713638172
GCL0016,,1,0.08874183673536545
GOK0238,,1,0.16524656150146788
BCB0679,,1,0.019046072991603546
IHK0841,,1,0.1602770713638172
SAP0867,,1,0.16083651559056877
ALD0529,,1,0.10885649022438554
KRG0158,,1,0.11224225307550006
TJB0302,,1,0.13116306626591923
ILC0838,,1,0.1602770713638172
RIH0777,,1,0.1602770713638172
HCW0419,,1,0.11323377960554282
DAL0673,,1,0.05136845609122814
RMS0266,,1,0.16083651559056877
KDT0346,,1,0.11270815811897095
KAL0395,,1,0.16524656150146788
ARD0509,,1,0.06748863583103748
BTL0722,,1,0.16083651559056877
WPE0538,,1,0.1602770713638172
CLF0852,,1,0.06162262805902907
HJA0018,,1,0.11323377960554282
MIM0712,,1,0.16083651559056877
CEJ0109,,1,0.12529990350152154
JCW0858,,1,0.16083651559056877
DFR0218,,-1,-0.12457137531354678
BAL0044,,-1,-0.10393194799330407
ASS0206,,1,0.16083651559056877
IUB0565,,1,0.13116306626591923
ASG0048,,1,0.16524656150146788
TET0621,,1,0.08663914447103088
ARA0252,,1,0.11270815811897095
AMR0318,,-1,-0.05255376878249296
WTF0387,,1,0.16524656150146788
AJL0462,,1,-0.01699615410021693
SDF0017,,1,0.16524656150146788
RDM0150,,1,0.1602770713638172
HKF0831,,1,0.1602770713638172
DGF0443,,1,0.16524656150146788
CAB0614,,1,0.05552456376794285
DBG0261,,1,0.16083651559056877
ZDW0859,,1,0.054617463042901826
UCH0519,,1,0.13116306626591923
CAC0889,,1,0.12529990350152154
EHD0584,,1,-0.03692190287345298
OLB0749,,1,0.16524656150146788
BWH0813,,1,0.1602770713638172
DMG0358,,-1,-0.14140056610988938
MAE0331,,1,0.16083651559056877
AMD0077,,1,0.16083651559056877
XLB0710,,1,0.16083651559056877
DAG0558,,1,0.13116306626591923
WLV0566,,1,0.13116306626591923
EHB0824,,-1,-0.0498079156918112
FBW0747,,1,0.09901968229922115
SNC0187,,1,0.16083651559056877
IBB0359,,-1,-0.13510339970015006
RAM0447,,1,0.11323377960554282
AJD0074,,1,0.026695668090646496
MSH0040,,-1,-0.10498196569937968
QJR0688,,1,0.039649933590372555
HTF0641,,1,0.12529990350152154
RDT0424,,1,0.012680253846714451
XRS0633,,1,0.06637848104080629
RLG0856,,-1,-0.04487296315710476
MLD0755,,1,0.11323377960554282
MOS0047,,-1,-0.13992503399534784
ETR0177,,1,0.1602770713638172
RYB0718,,1,0.16083651559056877
AAE0190,,1,0.1602770713638172
NAF0033,,1,0.16083651559056877
DVM0265,,1,0.10123582940382142
JFC0757,,1,0.1602770713638172
AOB0019,,1,0.16524656150146788
AIP0394,,-1,-0.039143872117760825
JJB0127,,1,0.1602770713638172
MCS0035,,1,0.16083651559056877
ABC0253,,1,0.09628671831286412
TQS0212,,1,0.09832880463628263
RSM0277,,1,0.09009708422761875
JER0404,,1,0.16524656150146788
CIG0052,,1,0.1602770713638172
IIW0249,,-1,-0.05788520959625876
HVF0067,,1,0.04573149554405709
HWW0436,,-1,-0.05416487672168979
PEV0323,,1,0.024658491402175076
PGO0433,,1,0.16524656150146788
MVB0515,,1,-0.020345987133337573
TJG0582,,1,0.1602770713638172
SRH0155,,1,-0.032291630755615586
IJM0444,,-1,-0.07811034687649976
CIM0271,,1,0.08689558875824216
CSL0949,,1,0.16083651559056877
AAN0823,,1,0.1602770713638172
JGT0221,,-1,-0.11715542836966542
AKH0758,,1,0.1602770713638172
HSG0818,,1,0.09384679162950144
MIL0255,,1,0.16083651559056877
JGM0934,,1,0.11270815811897095
KCO0122,,1,-0.0052182212082391155
SGB0140,,1,-0.014906137541625397
NAF0326,,1,-0.01565788423511083
IUY0279,,1,0.01889206208208244
EIM0156,,1,0.11224225307550006
ABH0663,,1,0.16083651559056877
EZT0640,,-1,-0.08603835272509863
BAK0964,,1,0.16083651559056877
JCC0225,,-1,-0.10359597113041841
EMW0105,,1,0.12529990350152154
KLH0596,,1,0.06353567926623893
SJF0094,,1,0.16083651559056877
CSJ0340,,1,0.16083651559056877
RMW0542,,1,0.16524656150146788
JHP0583,,-1,-0.0643671350609697
HSD0457,,1,0.16524656150146788
YWW0660,,1,0.12529990350152154
PGC0066,,1,0.16524656150146788
MSO0222,,-1,-0.09917458414866165
WDV0573,,1,0.017042242071766245
QRM0739,,1,0.05665015468451862
ASS0517,,1,0.10885649022438554
LUR0896,,1,0.0006401643245712574
ESH0283,,1,0.038983475027050796
WBC0192,,1,0.06162262805902907
PLH0715,,1,0.16083651559056877
VSA0230,,1,0.000578538168870657
KJG0910,,1,0.12529990350152154
DBW0483,,1,0.1602770713638172
KBC0054,,1,0.1602770713638172
CSC0217,,-1,-0.1298969123319471
BRS0734,,1,0.16524656150146788
KNB0022,,1,0.16083651559056877
PIS0522,,1,0.011490828732598157
ADD0846,,1,0.1602770713638172
MAD0496,,1,0.1602770713638172
NKP0236,,-1,-0.07401418633510459
VLB0647,,1,0.12529990350152154
DKB0631,,1,0.12529990350152154
KES0729,,1,0.08689558875824216
IBB0696,,1,0.08689558875824216
BLL0929,,1,0.16083651559056877
ABC0174,,1,0.09628671831286412
HAH0248,,1,0.16524656150146788
NBC0412,,1,0.10831982262918
CRP0456,,1,0.16524656150146788
JIG0128,,1,0.1602770713638172
IJR0825,,1,0.1602770713638172
XWD0923,,1,0.09384679162950144
LDD0560,,-1,-0.07887518468576127
ESH0135,,1,0.13116306626591923
RHO0732,,1,-0.012044685572190406
DGW0752,,1,0.11270815811897095
HPR0585,,1,0.09384679162950144
TBT0461,,1,0.16524656150146788
SAK0375,,-1,-0.15996815497906225
BJH0811,,1,0.1602770713638172
TVS0006,,1,0.05812957582465722
FAW0032,,1,0.009084082046132924
WSR0241,,1,0.03120940398641253
LRW0970,,1,0.16083651559056877
ZMC0284,,1,0.12529990350152154
SAC0687,,1,0.1602770713638172
CKB0427,,1,0.16524656150146788
BTS0011,,1,0.16083651559056877
IIA0092,,1,0.16083651559056877
WKD0013,,1,-0.03199128100223059
JNJ0556,,1,0.13116306626591923
TLH0648,,1,0.12529990350152154
IBP0883,,1,-0.013521803934043009
WAS0254,,1,0.09628671831286412
QNP0216,,-1,-0.10090168288450518
KLM0639,,1,0.12529990350152154
AIB0948,,1,0.04542029525380431
RBB0485,,1,0.1602770713638172
RZC0746,,1,0.03415413071900608
MDM0976,,1,0.16524656150146788
XBN0229,,1,0.16524656150146788
SMH0291,,1,0.01221691334004782
MCD0125,,1,0.024923884908282123
MHG0244,,1,0.16524656150146788
RAS0432,,1,0.11323377960554282
EIP0997,,1,0.1602770713638172
EMW0772,,1,0.09267480604741413
SBQ0786,,1,0.1602770713638172
PDH0716,,1,0.06380255879632818
GZB0469,,1,0.16524656150146788
NMB0972,,1,0.16083651559056877
ONL0276,,1,0.16083651559056877
MBJ0312,,1,0.10123582940382142
DRR0242,,1,0.16524656150146788
AJH0175,,-1,-0.07507812494347632
LQP0508,,1,0.031773024776311776
DVW0103,,1,0.16083651559056877
SMB0804,,1,0.1602770713638172
KBG0549,,1,0.07554418560288123
BAH0875,,1,-0.015529750086433092
SLT0907,,1,0.12529990350152154
JAV0361,,-1,-0.12747976723559473
COM0321,,1,0.16083651559056877
CCC0393,,1,0.16524656150146788
QSV0778,,1,0.1602770713638172
BMC0547,,1,0.16524656150146788
AWM0764,,1,0.1602770713638172
FXF0957,,1,0.16083651559056877
SVS0871,,1,0.04397170473860179
DJS0682,,1,0.13116306626591923
NHE0919,,1,0.09384679162950144
MPT0376,,1,0.019046072991603546
AQD0820,,1,0.1602770713638172
YEV0793,,1,0.1602770713638172
ZCF0590,,1,0.1602770713638172
KQC0708,,1,0.16083651559056877
LJR0523,,1,-0.009105338491527615
CQH0701,,1,0.09628671831286412
PDW0259,,1,0.04525757311616796
FWM0707,,1,0.09901968229922115
HDS0367,,-1,-0.15031591064644123
JRH0455,,1,0.16524656150146788
SER0165,,1,0.16083651559056877
SBD0913,,1,0.16083651559056877
JKF0465,,1,0.16524656150146788
CFW0264,,1,0.16083651559056877
BNR0965,,1,0.09628671831286412
ASV0946,,1,0.09628671831286412
KNG0672,,1,0.16524656150146788
NNA0610,,1,0.16524656150146788
KQS0415,,1,0.16524656150146788
MHH0180,,1,0.11270815811897095
EGD0132,,1,0.13116306626591923
VTT0385,,1,0.016437866301427517
ASG0692,,1,0.13116306626591923
WPR0368,,-1,-0.1331109001455929
HAV0121,,1,0.12529990350152154
HCC0344,,1,0.16083651559056877
UBF0645,,1,0.12529990350152154
TSR0676,,1,0.09502300832948501
NKH0979,,1,0.05208371051717192
SXM0895,,1,0.12529990350152154
KCS0173,,1,0.06271501015390835
CCA0046,,-1,-0.11502654571872939
PMV0850,,1,0.023750456077571036
PKB0281,,1,0.12529990350152154
MIC0726,,1,0.16524656150146788
SDO0170,,1,0.09628671831286412
VAA0087,,1,0.059075103846272514
ELB0847,,1,-0.018043988406558964
SBK0161,,1,0.030538330664443447
ASL0378,,1,0.11323377960554282
TLM0797,,1,0.1602770713638172
SOF0808,,1,0.1602770713638172
SGM0021,,1,0.09628671831286412
MYD0978,,1,-0.017621842644275465
FBA0348,,1,0.10972419494123498
ARL0034,,1,0.16083651559056877
YJF0532,,1,0.013107102038541651
RJM0381,,1,0.09423164572744075
VSS0154,,1,0.1602770713638172
JMW0638,,1,0.12529990350152154
IKR0401,,1,0.16524656150146788
EMS0317,,1,0.16083651559056877
FTM0406,,1,0.015884813512836826
RAR0725,,1,0.16083651559056877
MNS0224,,-1,-0.11508998718084917
WVB0539,,1,0.16524656150146788
SSG0250,,1,0.09502300832948501
MLM0950,,-1,-0.059115911861759574
HPH0075,,1,0.11323377960554282
VMJ0546,,1,0.11270815811897095
NLO0131,,1,0.13116306626591923
PES0085,,1,0.09628671831286412
OHC0973,,1,0.16083651559056877
NMF0780,,1,0.1602770713638172
LEM0605,,1,0.16083651559056877
BEC0505,,1,0.1602770713638172
OLF0504,,1,0.1602770713638172
KVS0425,,1,0.16524656150146788
AJR0319,,1,0.09628671831286412
DLS0383,,1,0.11323377960554282
BCR0581,,1,0.030538330664443447
LDB0090,,1,0.16083651559056877
GAF0570,,1,0.06470334377084858
NNS0059,,1,0.16524656150146788
JRL0574,,1,0.1602770713638172
NSS0876,,1,0.16083651559056877
SOB0586,,1,0.1602770713638172
DDA0476,,1,0.1602770713638172
DEB0782,,1,0.1602770713638172
OLW0689,,1,0.10885649022438554
MMG0943,,1,0.09901968229922115
RNL0695,,1,0.10885649022438554
LNR0656,,1,0.12529990350152154
AMJ0297,,1,0.13116306626591923
HRL0540,,1,-0.012973772915931048
DLF0377,,1,0.16524656150146788
MVH0373,,-1,-0.09733080090333779
TPH0474,,1,0.16524656150146788
KCF0045,,-1,-0.13688933409311987
BIS0247,,1,-0.01699615410021693
MSS0001,,1,0.11323377960554282
EFS0882,,1,0.12529990350152154
NWK0215,,1,-0.015434880087040082
PNL0301,,1,0.13116306626591923
CSH0626,,1,-0.005893815447042261
BHW0458,,1,0.16524656150146788
SSH0799,,1,0.02108430878428086
ANM0123,,1,0.018087197617923323
CAS0507,,-1,-0.08412285169321854
DID0650,,1,0.12529990350152154
KAT0270,,1,0.16083651559056877
TEM0977,,1,0.16524656150146788
SHR0334,,1,0.16083651559056877
JDC0030,,1,0.08215308592862319
CKP0721,,1,0.16083651559056877
HIA0414,,1,0.16524656150146788
HSP0290,,1,0.13116306626591923
HRW0550,,1,0.16524656150146788
KBB0189,,1,0.11224225307550006
CBB0365,,-1,-0.1685500376740171
DLH0029,,1,0.16083651559056877
NRO0768,,1,0.1602770713638172
NWT0098,,1,0.16083651559056877
QPM0727,,1,0.16524656150146788
KVT0028,,1,0.16083651559056877
LFS0071,,1,0.16524656150146788
WNB0908,,1,0.08515413855481807
PAD0773,,1,0.07379166435762458
BJH0354,,1,0.1602770713638172
ONW0083,,1,0.16524656150146788
SSJ0784,,1,-0.024372092172933568
KJP0371,,-1,-0.11653832717118451
IMB0481,,1,0.1602770713638172
BQS0525,,1,0.05067250248711275
BTR0403,,1,0.02006416165653252
DLM0051,,1,-0.004103887331046829
AHM0410,,1,0.04218881186899476
CHM0821,,-1,-0.04216546462235127
JBM0350,,1,-0.0333441125233267
JRG0207,,1,-0.03370489332579518
PLH0862,,1,0.16083651559056877
RCP0785,,1,0.1602770713638172
NSC0597,,1,0.059551576005332785
AVM0947,,1,0.04838665013057003
MSZ0310,,1,0.16083651559056877
SDB0106,,1,-0.007849092973657323
HAC0282,,1,0.12529990350152154
HSB0196,,-1,-0.0684150081139393
ASB0796,,1,0.1602770713638172
WRM0963,,1,0.08449114556834697
BRM0995,,-1,-0.07010625932959191
SES0477,,1,0.1087348426233018
JTM0223,,-1,-0.1256739908222846
RNF0765,,1,0.1602770713638172
GNZ0953,,1,0.11270815811897095
HRB0351,,1,0.07554418560288123
ZSB0649,,1,0.12529990350152154
ADC0391,,1,0.11270815811897095
PMC0328,,1,0.09628671831286412
ILJ0526,,1,-0.009329470805027107
ANT0430,,1,0.05821885019241341
DFH0188,,1,0.04620362065166128
LLV0602,,1,0.16524656150146788
GCR0554,,1,0.16524656150146788
SJO0209,,1,0.031507900473230877
NGC0058,,1,0.025530073910802586
YIC0195,,1,0.08215308592862319
EDB0714,,1,0.16083651559056877
LHL0309,,1,0.16083651559056877
HFB0347,,1,0.16083651559056877
EJW0884,,1,0.12529990350152154
CRO0027,,-1,-0.07342540499076833
HKR0628,,1,0.07853703765314679
GTD0116,,1,0.12529990350152154
DSB0731,,1,0.16524656150146788
COF0120,,-1,-0.09992701615451216
HDJ0446,,1,0.16524656150146788
CHG0146,,1,0.1602770713638172
AIH0675,,1,0.16524656150146788
TNM0961,,1,0.08488160466036454
APG0307,,1,0.13116306626591923
RHC0335,,1,0.16083651559056877
CQW0652,,1,0.12529990350152154
HJS0072,,1,0.09693971255825995
XHW0498,,1,0.1602770713638172
IJW0851,,1,0.16083651559056877
NAR0981,,1,0.16083651559056877
NUL0471,,1,0.11323377960554282
DIB0081,,1,0.06984165468498871
BSS0369,,-1,-0.11149668237128496
MIB0904,,1,0.08515413855481807
AAF0535,,1,0.13116306626591923
HBB0056,,1,0.1602770713638172
MCJ0324,,1,0.16083651559056877
HDH0928,,1,0.1602770713638172
HXL0968,,1,0.16083651559056877
MOH0273,,1,0.16083651559056877
KNW0644,,1,0.12529990350152154
CGA0629,,1,0.16524656150146788
NMS0280,,1,0.019535537282785564
THD0448,,1,0.16524656150146788
SPA0141,,-1,-0.04178619555788843
LPC0492,,1,0.08999509600630451
BTN0061,,1,-0.005872566782348709
HGH0595,,1,0.1602770713638172
BAM0611,,1,0.11323377960554282
KKC0683,,1,0.13116306626591923
BBS0422,,1,-0.03204668993657045
HDL0748,,1,0.16524656150146788
NRD0548,,1,0.16524656150146788
DCC0160,,1,0.16083651559056877
MES0407,,1,0.16524656150146788
LMF0980,,1,0.09628671831286412
BMM0112,,1,0.12529990350152154
LTS0860,,1,0.16083651559056877
AOK0844,,-1,-0.049265617499806846
ESJ0670,,1,0.10123582940382142
AAF0791,,1,0.1602770713638172
KRL0501,,1,0.1602770713638172
SAC0592,,1,0.09384679162950144
UCS0227,,1,0.16524656150146788
JCR0770,,1,0.1602770713638172
ICS0956,,1,0.16083651559056877
MKW0441,,-1,-0.043394331645009054
TSM0927,,1,0.1602770713638172
OJK0233,,1,0.16524656150146788
SMW0084,,1,0.16524656150146788
BEH0615,,1,0.03029881476840196
ADF0397,,1,0.16524656150146788
NJC0705,,1,0.16083651559056877
BYP0070,,1,0.16524656150146788
JMD0520,,-1,-0.10701058733374014
LAF0991,,1,0.08515413855481807
KBS0874,,1,0.09628671831286412
GHH0288,,-1,-0.041436392495314944
TAC0300,,1,0.13116306626591923
JAJ0849,,1,0.007114569925294634
NOB0181,,1,0.06599411702559893
DTP0379,,1,0.01886387022663122
CJM0138,,1,0.13116306626591923
FHS0837,,1,0.1602770713638172
CAA0612,,1,0.11323377960554282
ELT0769,,1,0.1602770713638172
KJW0416,,1,0.16524656150146788
CTR0341,,1,0.019523585790031217
DIC0988,,1,0.16083651559056877
JJH0292,,1,0.03873247014355585
MJS0890,,1,0.12529990350152154
TOR0193,,1,0.05401770147672147
SCB0534,,1,0.13116306626591923
MDH0686,,1,0.045645474349190474
JOM0750,,1,0.16524656150146788
BRB0355,,1,-0.016382301164078017
MJM0510,,1,-0.007620633361233309
KJM0887,,1,0.12529990350152154
CBG0398,,1,0.16524656150146788
RRC0553,,1,0.11323377960554282
TDS0984,,1,0.05537172914867522
LRR0148,,1,-0.010499156175120539
ARB0834,,1,0.1602770713638172
KPC0073,,-1,-0.04133337790251013
CLB0774,,-1,-0.08564557762874125
VEB0935,,1,0.16083651559056877
MCT0720,,1,0.16083651559056877
JDF0593,,1,0.007114569925294634
CJG0470,,1,0.16524656150146788
RGG0064,,1,-0.03322872940169874
BXJ0010,,1,0.16524656150146788
WBC0315,,1,0.16083651559056877
CGB0637,,1,0.08515413855481807
CAN0842,,1,0.1602770713638172
HTH0007,,1,0.06090705306169347
BJM0111,,-1,-0.07459348143214106
MAW0166,,1,0.16083651559056877
PPF0435,,1,0.016090307526912595
SEJ0677,,1,0.16524656150146788
ACV0812,,1,0.0016730984373432567
KWE0082,,1,0.11270815811897095
ECL0930,,1,0.09628671831286412
RHP0484,,1,0.062476465771523104
BAM0636,,1,0.12529990350152154
DDM0579,,1,0.1602770713638172
UIR0043,,-1,-0.16358840804372032
JCR0172,,1,0.09628671831286412
ATE0869,,-1,-0.053717783851709
IBS0836,,1,0.015903791149972202
DTT0076,,1,0.16083651559056877
PRM0740,,1,0.16524656150146788
FGW0853,,1,-0.010456079133519758
JSH0330,,1,0.16083651559056877
FSB0399,,1,0.16524656150146788
