CEL0561,,1,0.13085717206400194
CRD0624,,-1,-0.10014333655986007
JFC0557,,1,0.13085717206400194
ASD0577,,1,0.1310445777787959
MAR0955,,-1,-0.08685747507089947
GRM0868,,1,0.14168882312691228
AAL0706,,1,0.1334145978600516
RVC0232,,1,0.08164649154668585
TCD0009,,1,0.14168882312691228
ASM0575,,1,0.1310445777787959
DAR0885,,-1,-0.12317131125816261
JLM0364,,1,-0.044663610049760494
FOB0756,,1,0.043460483513154846
GCG0951,,1,-0.007067987572871304
HWY0038,,1,0.039752877016083266
AAV0450,,1,0.13085717206400194
CJV0286,,1,0.1310445777787959
TDG0962,,1,0.055383477427917216
SVL0803,,1,0.14168882312691228
QOS0878,,1,0.06369476384912948
MDM0625,,1,0.07208960613517723
GMF0738,,1,0.1269285079010058
BER0314,,1,0.11156395813550851
AMR0400,,1,0.08164649154668585
YCE0983,,1,0.14168882312691228
BJW0619,,1,0.1269285079010058
DPS0262,,-1,-0.1417827377651939
TYB0779,,1,0.1334145978600516
MAS0025,,1,-0.007980586107857568
KBL0260,,1,0.1334145978600516
GHL0460,,1,-0.03310421909823369
FMG0527,,1,-0.0060094923739663075
HCL0651,,-1,-0.11792755998829496
SCP0130,,1,0.06474857823833435
CMW0783,,1,0.1334145978600516
RKF0164,,1,0.1334145978600516
DOL0332,,1,0.1310445777787959
RSC0089,,-1,-0.09868282288734975
CCM0136,,1,-0.0055647018331062
NCH0179,,1,0.1310445777787959
NBH0256,,1,0.1334145978600516
ORG0339,,1,0.1310445777787959
FRR0832,,1,0.09584146038801417
MSD0939,,1,0.1334145978600516
OQH0183,,1,0.1310445777787959
BSH0445,,1,0.1269285079010058
KSP0357,,1,-0.044663610049760494
NGO0690,,1,0.08164649154668585
VCC0396,,1,-0.03725990371826304
WDD0366,,1,0.039752877016083266
KPP0452,,1,0.13085717206400194
RTO0313,,-1,-0.10340589384623722
ABM0845,,1,-0.05027523050568006
VIA0063,,1,0.13085717206400194
BIH0745,,1,-0.05085425954272749
CCW0031,,1,0.11156395813550851
IYB0918,,1,0.09584146038801417
ORM0669,,1,0.055383477427917216
MJB0588,,1,0.1310445777787959
ALB0892,,1,0.1310445777787959
LIM0674,,-1,-0.11201709249964653
LHN0151,,1,0.1334145978600516
WTR0563,,1,0.13085717206400194
MKS0204,,1,0.14168882312691228
AAW0353,,1,0.13085717206400194
WJD0576,,1,0.1310445777787959
ILH0958,,1,0.055383477427917216
TLK0993,,1,0.05762819129488267
WAB0143,,1,0.14168882312691228
RAG0275,,1,0.14168882312691228
LQC0479,,-1,-0.07940126840270689
KWC0004,,1,0.1269285079010058
CJK0200,,1,0.11156395813550851
FEB0306,,1,0.06474857823833435
IJM0776,,1,0.1334145978600516
NKH0807,,1,0.03384443661875247
JMC0925,,1,-0.05035493033646887
SBH0537,,1,0.13085717206400194
JJB0700,,1,0.055383477427917216
AIS0405,,1,0.08164649154668585
HAH0760,,1,0.1334145978600516
AHD0848,,1,0.01572694249275508
LDM0587,,1,0.1310445777787959
AJN0607,,1,0.07208960613517723
BBS0039,,1,0.039752877016083266
EIS0041,,1,0.039752877016083266
MLG0475,,1,0.13085717206400194
HRD0635,,-1,-0.12187783214218917
EPW0434,,1,0.1269285079010058
JAM0382,,1,0.08415816766839329
NCK0295,,1,0.13085717206400194
LJT0817,,1,-0.052872706636315936
CAM0102,,1,0.14168882312691228
SOG0411,,1,0.13085717206400194
KSH0569,,1,0.13085717206400194
BDI0533,,1,0.07208960613517723
PMJ0564,,-1,-0.07582969881624069
HGG0240,,1,0.13085717206400194
MGS0974,,1,0.014889124542249943
DHM0937,,1,0.1334145978600516
ENC0234,,1,0.01572694249275508
CEB0210,,1,0.11156395813550851
YJV0699,,1,0.1334145978600516
BMT0528,,1,0.032445403779575666
CJC0494,,1,0.14168882312691228
SOB0360,,1,-0.044663610049760494
GCS0571,,1,-0.06874747427648087
BJP0134,,1,0.05603190478188974
KBP0008,,1,0.055383477427917216
FLM0213,,1,0.11156395813550851
RRP0568,,1,0.06474857823833435
MCF0600,,-1,-0.1046701641022183
SAA0999,,1,-0.06676231702442059
THR0873,,-1,-0.16246493539327
KRM0541,,-1,-0.0855960443596977
KSP0966,,1,0.1334145978600516
LOF0311,,1,0.11156395813550851
MBR0724,,1,0.1334145978600516
FSC0601,,1,0.010524703803278468
MLP0668,,1,0.08415816766839329
CUD0795,,1,0.14168882312691228
AKR0057,,1,-0.031399123634540005
GZC0735,,1,0.06369476384912948
HLH0512,,1,-0.03856914224869046
NJB0243,,1,0.019519672709825686
GCS0518,,1,0.1269285079010058
NMC0486,,1,0.14168882312691228
KMB0922,,-1,-0.11058212531165146
CFM0767,,-1,-0.09137035834708873
HAD0246,,1,0.039752877016083266
ANP0555,,1,0.13085717206400194
LBF0214,,-1,-0.11850301754537074
DJB0159,,1,-0.012424163148413991
BWP0202,,1,-0.04604273743683318
FFC0891,,-1,-0.08806621085286648
AJR0932,,-1,-0.09492584993578601
BDV0168,,-1,-0.10793404022434594
CQH0730,,1,0.1269285079010058
JCR0289,,1,0.13085717206400194
AES0827,,1,0.09584146038801417
SLP0762,,1,0.1334145978600516
CLD0894,,1,0.1310445777787959
LCD0622,,1,0.1269285079010058
CMB0912,,1,0.055383477427917216
ZKS0899,,1,0.039312953793048555
JCV0245,,1,0.1269285079010058
AMH0794,,1,0.14168882312691228
FKB0163,,1,0.1334145978600516
AKC0924,,1,0.09584146038801417
ILR0304,,1,0.13085717206400194
AJF0370,,1,0.039752877016083266
OKC0107,,1,0.1310445777787959
OCS0865,,1,0.06369476384912948
UJC0737,,1,0.1269285079010058
MBW0809,,1,0.03384443661875247
MCF0327,,1,0.11156395813550851
SGS0268,,1,0.14168882312691228
BNG0237,,1,0.13085717206400194
OSH0655,,1,0.05762819129488267
CSB0080,,1,0.1269285079010058
ERH0449,,1,0.13085717206400194
EGK0893,,1,0.1310445777787959
MMB0488,,1,0.14168882312691228
AAM0658,,-1,-0.10723561956064953
ESA0642,,1,0.05762819129488267
CRK0916,,-1,-0.12597268000332662
BBH0810,,1,0.03384443661875247
JRF0835,,1,0.09584146038801417
SJC0333,,1,0.0453278277972784
HCS0003,,1,0.14168882312691228
EMB0531,,1,0.1269285079010058
JIM0095,,1,0.14168882312691228
KJS0618,,1,0.1269285079010058
EBC0390,,1,0.08415816766839329
WGS0516,,1,0.1269285079010058
NGF0157,,-1,-0.11571097150289578
KAT0489,,1,0.14168882312691228
CCH0685,,1,-0.0033685702191200706
DMM0623,,1,0.1269285079010058
SAH0599,,1,0.1310445777787959
CPG0322,,1,0.0017750862125767708
OBH0499,,1,-0.06707756856111768
SNS0129,,1,0.1334145978600516
PKB0429,,1,0.1269285079010058
NAH0503,,1,-0.05964131219778379
FRB0023,,1,0.11156395813550851
AHG0634,,-1,-0.09266334073574256
CWB0065,,1,0.0017750862125767708
ATP0662,,-1,-0.12175226891856006
DPM0423,,1,0.0453278277972784
WKF0012,,1,0.14168882312691228
JMB0308,,-1,-0.0970131645419765
AKF0709,,1,0.1334145978600516
JMH0543,,1,0.13085717206400194
CJF0802,,-1,-0.1281971217632072
IRM0931,,1,-0.05361977639739568
FQA0854,,1,0.07703701592665213
CYA0506,,1,0.1269285079010058
GRC0145,,1,0.11156395813550851
BLS0678,,-1,-0.08720247360678723
HJB0742,,1,-0.05621973312609074
KKS0119,,1,0.14168882312691228
RAB0589,,1,-0.04162006159609255
DBB0384,,1,0.08415816766839329
TRK0914,,1,0.09584146038801417
BSA0431,,1,0.1269285079010058
RHL0992,,-1,-0.13225674355888783
CIM0926,,1,0.08164649154668585
CFG0959,,1,0.055383477427917216
VMJ0147,,1,0.1310445777787959
SAT0194,,1,0.1310445777787959
HBO0413,,1,0.13085717206400194
DZC0228,,1,0.08164649154668585
TEB0251,,1,0.0011710391713778412
MNR0829,,1,0.09584146038801417
DOP0562,,1,0.13085717206400194
UAD0771,,1,-0.015697467881064187
ALD0544,,1,0.13085717206400194
LCB0664,,1,0.07208960613517723
HCL0113,,1,0.1310445777787959
TSB0437,,1,0.1269285079010058
EZH0736,,1,0.1269285079010058
JCG0316,,1,0.0017750862125767708
MSG0839,,1,0.09584146038801417
LJJ0905,,1,-0.009794534286347134
HCM0267,,1,0.11156395813550851
MTB0620,,1,0.1269285079010058
CCH0182,,1,0.1310445777787959
CAM0681,,1,0.08164649154668585
LBH0942,,1,0.1334145978600516
CAB0388,,1,0.08415816766839329
WGR0833,,1,0.09584146038801417
MTT0901,,1,0.1310445777787959
GQF0659,,1,0.05762819129488267
CSP0197,,1,0.06474857823833435
OMM0944,,1,0.1334145978600516
IMP0530,,1,0.1269285079010058
ORB0473,,1,0.13085717206400194
JML0909,,1,0.1310445777787959
NDM0417,,1,0.0453278277972784
FRL0511,,1,0.1269285079010058
LAP0338,,1,0.1310445777787959
HCV0478,,1,0.14168882312691228
KJA0152,,1,0.1310445777787959
ECF0828,,1,0.09584146038801417
BVN0514,,1,0.032445403779575666
BSS0463,,1,-0.0055647018331062
JJM0203,,1,0.06369476384912948
AIM0627,,1,0.1269285079010058
RAH0440,,1,0.1269285079010058
XHG0902,,1,0.1310445777787959
TDJ0998,,1,0.09584146038801417
JPA0667,,1,0.08415816766839329
EHR0096,,1,0.14168882312691228
SJW0451,,1,0.13085717206400194
CNB0900,,1,0.1310445777787959
EAH0466,,1,-0.0518690674984994
CTA0020,,1,-0.008191885421163558
SRS0231,,1,0.08164649154668585
HWH0646,,1,0.05762819129488267
HKB0418,,1,0.13085717206400194
CCM0855,,1,0.14168882312691228
SED0886,,-1,-0.0787016391520069
LBC0356,,1,0.039752877016083266
CKH0144,,1,0.14168882312691228
MBG0438,,1,0.1269285079010058
MVF0594,,1,0.1310445777787959
ATF0274,,1,0.14168882312691228
KTG0091,,1,0.11156395813550851
ACC0042,,1,0.039752877016083266
AKW0167,,1,0.11156395813550851
KPR0497,,1,0.07208960613517723
ABN0239,,1,0.13085717206400194
CKB0482,,1,0.14168882312691228
AMH0464,,1,0.13085717206400194
QCH0110,,1,0.1310445777787959
SGG0787,,1,0.03384443661875247
SIJ0661,,1,0.08415816766839329
BTW0005,,1,0.055383477427917216
RLB0719,,-1,-0.1337601835203046
WDO0870,,-1,-0.13445715490220278
KCB0815,,1,0.03384443661875247
VCY0751,,1,0.1269285079010058
BAJ0654,,-1,-0.13329355158913503
MKL0941,,1,0.1334145978600516
EGD0409,,1,0.13085717206400194
DBS0235,,1,-0.040223207501622005
JJH0613,,1,0.06369476384912948
UFK0208,,1,0.0017750862125767708
BLB0114,,1,0.039312953793048555
CKD0680,,1,0.1334145978600516
MKG0711,,1,0.1334145978600516
EDA0684,,-1,-0.11747409888462534
IIL0513,,1,0.1269285079010058
TSM0363,,1,-0.044663610049760494
PBP0002,,1,0.037307997570394325
LHB0606,,1,0.1269285079010058
GTD0898,,1,0.1310445777787959
CJH0702,,1,0.1334145978600516
DMK0257,,-1,-0.13547933037771387
WIQ0567,,1,0.13085717206400194
PTH0830,,1,0.09584146038801417
NCO0666,,1,-0.03742792456898014
MHG0733,,1,0.1269285079010058
RAW0915,,1,-0.05802535156998434
HAM0985,,1,0.14168882312691228
SAB0781,,1,0.1334145978600516
IBM0671,,1,-0.010581081047027707
YDN0198,,-1,-0.08130184661642748
GAF0060,,1,0.08164649154668585
AMM0014,,1,0.1310445777787959
AMV0036,,1,0.11156395813550851
MOP0763,,1,0.1334145978600516
CBG0490,,1,0.14168882312691228
CNE0352,,1,0.1269285079010058
GQP0743,,1,0.1269285079010058
PTH0552,,1,0.13085717206400194
GLR0975,,1,0.13085717206400194
GTD0219,,1,0.039752877016083266
BKW0374,,1,0.039752877016083266
CAH0936,,-1,-0.1418848571431479
AIP0982,,1,-0.037856388021408005
KRV0372,,1,0.039752877016083266
IAT0263,,1,0.11156395813550851
JBD0616,,1,-0.02241384937085744
RUM0880,,-1,-0.10697435694323398
DGM0754,,1,0.1269285079010058
SMY0792,,1,0.07208960613517723
HOB0994,,1,0.05762819129488267
DGN0480,,1,0.14168882312691228
KJJ0293,,1,0.039312953793048555
JXH0493,,1,0.14168882312691228
PGH0184,,1,0.1310445777787959
JPW0741,,1,0.1269285079010058
NMG0766,,1,0.1334145978600516
HMW0713,,1,0.1334145978600516
MAH0864,,1,0.14168882312691228
QNF0205,,1,0.14168882312691228
KKW0879,,-1,-0.11203480699874091
TEM0093,,1,0.11156395813550851
RVF0201,,1,0.0005782483557935647
TMA0069,,1,0.13085717206400194
VFM0814,,1,-0.052872706636315936
SBN0866,,-1,-0.13201810313658202
ZJE0857,,1,0.07208960613517723
HPM0986,,1,0.14168882312691228
CJP0952,,-1,-0.12314527933984365
DRR0162,,1,0.1334145978600516
ESR0693,,1,-0.05315409323013154
CWR0502,,1,0.07208960613517723
SLB0049,,1,0.14168882312691228
IDO0176,,1,0.11156395813550851
AGB0186,,1,0.1310445777787959
RJB0088,,1,0.1334145978600516
OCB0805,,1,0.14168882312691228
ETR0428,,1,0.06369476384912948
IKP0472,,1,0.0453278277972784
LHB0967,,1,0.1334145978600516
CCM0467,,1,0.13085717206400194
GKO0078,,1,0.06369476384912948
GNS0178,,-1,-0.12471828893244286
SSS0345,,1,0.1310445777787959
LOM0086,,1,-0.04656246878160142
SSR0278,,1,0.1310445777787959
ALH0402,,1,0.08164649154668585
AKK0329,,1,0.1310445777787959
EWH0191,,1,0.11156395813550851
TVS0050,,-1,-0.10261197137121592
TUC0632,,1,0.05762819129488267
SKG0759,,1,0.1334145978600516
IMG0320,,1,0.11156395813550851
BBG0325,,1,-0.04601088124162456
CTW0500,,1,0.14168882312691228
SBN0495,,1,0.14168882312691228
ELH0960,,1,0.1334145978600516
BMS0877,,1,0.14168882312691228
TSG0906,,1,0.1310445777787959
RKD0604,,1,-0.061970617930709015
JMK0099,,1,0.06369476384912948
MKP0861,,1,0.14168882312691228
HIW0536,,1,0.1310445777787959
CTR0697,,-1,-0.08451668773660748
BHC0665,,1,0.043460483513154846
DCH0843,,1,-0.0592396590089882
WIF0691,,1,-0.011302049920561497
HWM0342,,1,-0.0164404562616437
MNC0717,,1,0.055383477427917216
ARB0881,,1,0.1310445777787959
AHC0142,,1,0.06369476384912948
ZFM0468,,1,0.13085717206400194
DIW0118,,1,0.055383477427917216
USH0199,,1,-0.006264032427817923
MAD0753,,1,0.1269285079010058
KDS0349,,1,0.08415816766839329
LJB0826,,1,0.09584146038801417
FKK0055,,1,-0.013423404307452258
TAP0551,,-1,-0.1402958171914599
FPC0954,,1,0.1334145978600516
GBM0603,,1,0.1269285079010058
CXC0336,,1,0.1310445777787959
HMM0108,,1,-0.03573586357648861
FDE0117,,1,0.09584146038801417
FUM0015,,1,0.09584146038801417
NAB0801,,1,0.14168882312691228
GJT0386,,1,0.08415816766839329
KAC0124,,1,0.09584146038801417
RGH0728,,1,0.1269285079010058
CCR0863,,1,0.14168882312691228
TTD1000,,1,0.09584146038801417
OKB0439,,1,0.1269285079010058
XAA0104,,1,0.14168882312691228
RFP0380,,1,0.08415816766839329
JTS0389,,1,0.055383477427917216
CMS0454,,1,0.13085717206400194
JKB0126,,1,0.09584146038801417
LAM0911,,1,0.09584146038801417
GCC0744,,1,0.1269285079010058
CLH0703,,1,0.1334145978600516
KMW0545,,1,0.13085717206400194
PSF0133,,1,0.13085717206400194
NHH0185,,1,0.07245692577182083
NCE0097,,1,0.14168882312691228
CCL0068,,1,0.13085717206400194
AJC0840,,1,0.09584146038801417
GCC0945,,1,0.1334145978600516
NAB0903,,1,0.1310445777787959
AOS0987,,1,0.039312953793048555
JAD0609,,1,0.06369476384912948
AMW0392,,1,0.08164649154668585
FIR0920,,1,0.01572694249275508
RNP0211,,1,0.11156395813550851
RHY0079,,1,-0.0620090368942704
CLS0296,,1,0.13085717206400194
JSA0775,,1,0.1334145978600516
RDM0115,,1,0.1334145978600516
JKM0303,,1,0.13085717206400194
IJM0139,,1,0.13085717206400194
SVL0940,,1,0.1334145978600516
LDG0459,,1,0.0453278277972784
ROB0272,,1,0.14168882312691228
LNS0989,,1,0.0453278277972784
CNM0800,,1,0.14168882312691228
HGN0287,,1,0.1310445777787959
KMS0657,,1,0.05762819129488267
BMG0917,,-1,-0.13094008525615752
HVB0037,,1,0.11156395813550851
PNH0761,,-1,-0.10200144984646009
JLW0053,,1,0.08164649154668585
JNA0559,,1,0.13085717206400194
OYM0026,,1,0.039312953793048555
NIH0969,,1,0.07155912048669705
RCC0617,,1,0.14168882312691228
GJD0298,,1,0.13085717206400194
MLL0598,,1,0.1310445777787959
DSM0591,,1,0.1310445777787959
BTL0226,,-1,-0.13587884720357335
SBN0971,,1,0.1334145978600516
CCW0524,,1,0.1269285079010058
IWM0816,,1,0.03384443661875247
JOL0024,,1,0.14168882312691228
ENL0100,,1,0.14168882312691228
TIW0299,,1,0.13085717206400194
ZSK0258,,1,0.1334145978600516
CGF0337,,1,0.1310445777787959
EHB0420,,1,-0.020545136127196995
RGN0408,,1,0.13085717206400194
FHO0630,,1,0.1269285079010058
JKJ0698,,1,-0.005577228675013979
SCF0608,,1,0.1269285079010058
BVC0790,,1,-0.05527633212783856
NRF0137,,1,0.1310445777787959
HDD0789,,1,0.14168882312691228
IEB0153,,1,-0.06331451341289862
ICH0294,,1,0.039312953793048555
ZSL0305,,1,0.13085717206400194
AJP0723,,1,0.1334145978600516
GDF0704,,1,0.00506774157628459
TJD0996,,1,0.09584146038801417
OMS0101,,1,0.14168882312691228
BCM0653,,1,0.05762819129488267
BDB0453,,-1,-0.12423631761495357
NCK0421,,1,0.13085717206400194
LPH0572,,1,0.1310445777787959
MFV0897,,1,0.1310445777787959
MAH0149,,1,0.1334145978600516
ECR0822,,1,0.09584146038801417
POB0343,,1,0.1310445777787959
IRT0491,,1,0.14168882312691228
HKI0171,,1,0.11156395813550851
DIB0285,,1,0.1310445777787959
IAR0694,,1,0.01572694249275508
CMM0487,,1,0.14168882312691228
LCC0819,,1,0.03384443661875247
AGB0643,,1,0.05762819129488267
PID0426,,1,-0.05909981109903861
HLM0933,,1,0.1334145978600516
KRL0062,,1,0.11156395813550851
MPM0220,,1,0.039752877016083266
JDB0169,,1,0.11156395813550851
AAS0442,,1,0.1269285079010058
ZJS0269,,1,0.14168882312691228
CJM0521,,1,0.1269285079010058
MDH0580,,1,0.1310445777787959
JRS0362,,1,0.039752877016083266
WXH0872,,-1,-0.08439754323870319
MHA0798,,1,0.14168882312691228
JZD0888,,1,0.1310445777787959
HDD0806,,-1,-0.08241987635369852
BSB0990,,1,0.11156395813550851
ALC0788,,1,0.09584146038801417
JCR0921,,1,0.09584146038801417
RRA0938,,1,0.1334145978600516
SHW0578,,1,0.1310445777787959
GCL0016,,1,0.0075450405962988465
GOK0238,,1,0.13085717206400194
BCB0679,,1,0.055383477427917216
IHK0841,,1,0.09584146038801417
SAP0867,,1,0.14168882312691228
ALD0529,,1,0.1269285079010058
KRG0158,,1,0.08415816766839329
TJB0302,,1,0.13085717206400194
ILC0838,,1,0.09584146038801417
RIH0777,,1,0.1334145978600516
HCW0419,,1,0.13085717206400194
DAL0673,,1,-0.012644450635288962
RMS0266,,1,0.11156395813550851
KDT0346,,1,0.1310445777787959
KAL0395,,1,0.08164649154668585
ARD0509,,1,-0.0025990196149849876
BTL0722,,1,0.1334145978600516
WPE0538,,1,0.1310445777787959
CLF0852,,1,0.06369476384912948
HJA0018,,1,0.13085717206400194
MIM0712,,1,0.1334145978600516
CEJ0109,,1,0.1310445777787959
JCW0858,,1,0.14168882312691228
DFR0218,,1,0.039752877016083266
BAL0044,,1,0.039752877016083266
ASS0206,,1,0.11156395813550851
IUB0565,,1,0.13085717206400194
ASG0048,,1,0.1269285079010058
TET0621,,1,0.06369476384912948
ARA0252,,1,0.1269285079010058
AMR0318,,-1,-0.15975901799021752
WTF0387,,1,0.08415816766839329
AJL0462,,-1,-0.1297589826454515
SDF0017,,1,0.13085717206400194
RDM0150,,1,0.1334145978600516
HKF0831,,1,0.09584146038801417
DGF0443,,1,0.1269285079010058
CAB0614,,1,0.06369476384912948
DBG0261,,1,0.1334145978600516
ZDW0859,,1,0.023730945441679363
UCH0519,,1,0.1269285079010058
CAC0889,,1,0.1310445777787959
EHD0584,,-1,-0.13877197486567427
OLB0749,,1,0.1269285079010058
BWH0813,,1,0.03384443661875247
DMG0358,,1,0.039752877016083266
MAE0331,,1,0.1310445777787959
AMD0077,,1,0.11156395813550851
XLB0710,,1,0.1334145978600516
DAG0558,,1,0.13085717206400194
WLV0566,,1,0.13085717206400194
EHB0824,,-1,-0.08671209334391206
FBW0747,,1,0.07208960613517723
SNC0187,,1,0.1310445777787959
IBB0359,,1,0.039752877016083266
RAM0447,,1,0.13085717206400194
AJD0074,,1,0.055383477427917216
MSH0040,,1,0.039752877016083266
QJR0688,,1,-0.0033685702191200706
HTF0641,,1,0.05762819129488267
RDT0424,,1,0.0453278277972784
XRS0633,,1,0.05762819129488267
RLG0856,,-1,-0.116080120636326
MLD0755,,1,0.1269285079010058
MOS0047,,1,0.039752877016083266
ETR0177,,1,0.1310445777787959
RYB0718,,1,0.1334145978600516
AAE0190,,1,0.1310445777787959
NAF0033,,1,0.11156395813550851
DVM0265,,1,0.0017750862125767708
JFC0757,,1,0.1334145978600516
AOB0019,,1,0.13085717206400194
AIP0394,,-1,-0.1377220593221894
JJB0127,,1,0.09584146038801417
MCS0035,,1,0.11156395813550851
ABC0253,,1,0.1334145978600516
TQS0212,,1,-0.05923939075936524
RSM0277,,1,0.06369476384912948
JER0404,,1,0.08164649154668585
CIG0052,,1,0.14168882312691228
IIW0249,,-1,-0.15593139738438688
HVF0067,,1,-0.05389290756417764
HWW0436,,-1,-0.10038388403678011
PEV0323,,-1,-0.1320878260918844
PGO0433,,1,0.1269285079010058
MVB0515,,1,0.07208960613517723
TJG0582,,1,0.1310445777787959
SRH0155,,1,-0.05765570829620714
IJM0444,,-1,-0.10309148749913588
CIM0271,,1,0.004642478553321561
CSL0949,,1,0.1334145978600516
AAN0823,,1,0.09584146038801417
JGT0221,,1,0.039752877016083266
AKH0758,,1,0.1334145978600516
HSG0818,,1,0.03384443661875247
MIL0255,,1,0.1334145978600516
JGM0934,,1,0.1334145978600516
KCO0122,,-1,-0.11974737611711816
SGB0140,,1,0.06474857823833435
NAF0326,,1,0.0017750862125767708
IUY0279,,1,-0.06954900116856677
EIM0156,,1,0.1269285079010058
ABH0663,,1,0.1334145978600516
EZT0640,,-1,-0.08496554329845929
BAK0964,,1,0.1334145978600516
JCC0225,,1,0.039752877016083266
EMW0105,,1,0.1310445777787959
KLH0596,,1,-0.04336570171206611
SJF0094,,1,0.11156395813550851
CSJ0340,,1,0.1310445777787959
RMW0542,,1,0.13085717206400194
JHP0583,,1,-0.020545136127196995
HSD0457,,1,0.13085717206400194
YWW0660,,1,0.05762819129488267
PGC0066,,1,0.13085717206400194
MSO0222,,1,0.039752877016083266
WDV0573,,-1,-0.08712928049408597
QRM0739,,1,0.0011710391713778412
ASS0517,,1,0.1269285079010058
LUR0896,,-1,-0.09461822695044864
ESH0283,,1,0.039312953793048555
WBC0192,,1,0.004642478553321561
PLH0715,,1,0.1334145978600516
VSA0230,,1,-0.059100557611395654
KJG0910,,1,0.1310445777787959
DBW0483,,1,0.14168882312691228
KBC0054,,1,0.14168882312691228
CSC0217,,1,-0.023215477277957808
BRS0734,,1,0.1269285079010058
KNB0022,,1,0.11156395813550851
PIS0522,,1,0.07208960613517723
ADD0846,,1,0.09584146038801417
MAD0496,,1,0.14168882312691228
NKP0236,,-1,-0.11578794276691318
VLB0647,,1,0.05762819129488267
DKB0631,,1,0.05762819129488267
KES0729,,1,-0.03797884734853907
IBB0696,,1,-0.0429639811102297
BLL0929,,1,0.1334145978600516
ABC0174,,1,0.11156395813550851
HAH0248,,1,0.1269285079010058
NBC0412,,1,0.0025085806951223866
CRP0456,,1,0.13085717206400194
JIG0128,,1,0.09584146038801417
IJR0825,,1,0.09584146038801417
XWD0923,,1,0.09584146038801417
LDD0560,,-1,-0.11142840987885916
ESH0135,,1,0.13085717206400194
RHO0732,,1,-0.049235292180179524
DGW0752,,1,0.1269285079010058
HPR0585,,1,0.1310445777787959
TBT0461,,1,0.13085717206400194
SAK0375,,1,0.039752877016083266
BJH0811,,1,0.03384443661875247
TVS0006,,1,-7.619387491042406e-05
FAW0032,,1,-0.047075821385999195
WSR0241,,1,0.0453278277972784
LRW0970,,1,0.1334145978600516
ZMC0284,,1,0.1310445777787959
SAC0687,,1,0.09584146038801417
CKB0427,,1,0.1269285079010058
BTS0011,,1,0.11156395813550851
IIA0092,,1,0.11156395813550851
WKD0013,,-1,-0.0825359159085054
JNJ0556,,1,0.13085717206400194
TLH0648,,1,0.05762819129488267
IBP0883,,-1,-0.15235794857645069
WAS0254,,1,0.1334145978600516
QNP0216,,1,0.039752877016083266
KLM0639,,1,0.05762819129488267
AIB0948,,1,0.055383477427917216
RBB0485,,1,0.14168882312691228
RZC0746,,1,0.07208960613517723
MDM0976,,1,0.13085717206400194
XBN0229,,1,0.08164649154668585
SMH0291,,1,0.06474857823833435
MCD0125,,1,-0.02749299750608658
MHG0244,,1,0.1269285079010058
RAS0432,,1,0.1269285079010058
EIP0997,,1,0.09584146038801417
EMW0772,,1,0.043460483513154846
SBQ0786,,1,0.14168882312691228
PDH0716,,1,0.00506774157628459
GZB0469,,1,0.13085717206400194
NMB0972,,1,0.1334145978600516
ONL0276,,1,0.14168882312691228
MBJ0312,,1,0.0017750862125767708
DRR0242,,1,0.13085717206400194
AJH0175,,-1,-0.1625077004991694
LQP0508,,1,0.07208960613517723
DVW0103,,1,0.14168882312691228
SMB0804,,1,0.14168882312691228
KBG0549,,1,-0.012607903386323671
BAH0875,,-1,-0.08247364938481738
SLT0907,,1,0.1310445777787959
JAV0361,,1,-0.044663610049760494
COM0321,,1,0.11156395813550851
CCC0393,,1,0.08164649154668585
QSV0778,,1,0.1334145978600516
BMC0547,,1,0.13085717206400194
AWM0764,,1,0.1334145978600516
FXF0957,,1,0.1334145978600516
SVS0871,,1,0.06369476384912948
DJS0682,,1,0.08164649154668585
NHE0919,,1,0.09584146038801417
MPT0376,,1,0.055383477427917216
AQD0820,,1,0.03384443661875247
YEV0793,,1,0.14168882312691228
ZCF0590,,1,0.1310445777787959
KQC0708,,1,0.1334145978600516
LJR0523,,1,-0.06693663761014812
CQH0701,,1,0.1334145978600516
PDW0259,,-1,-0.07438788093400972
FWM0707,,1,0.055383477427917216
HDS0367,,1,0.039752877016083266
JRH0455,,1,0.13085717206400194
SER0165,,1,0.1310445777787959
SBD0913,,1,0.1334145978600516
JKF0465,,1,0.13085717206400194
CFW0264,,1,0.11156395813550851
BNR0965,,1,0.1334145978600516
ASV0946,,1,0.1334145978600516
KNG0672,,1,0.08415816766839329
NNA0610,,1,0.1269285079010058
KQS0415,,1,0.13085717206400194
MHH0180,,1,0.1310445777787959
EGD0132,,1,0.13085717206400194
VTT0385,,1,-0.050809627817768765
ASG0692,,1,0.08164649154668585
WPR0368,,1,0.039752877016083266
HAV0121,,1,0.05762819129488267
HCC0344,,1,0.1310445777787959
UBF0645,,1,0.05762819129488267
TSR0676,,1,0.08415816766839329
NKH0979,,1,0.0017750862125767708
SXM0895,,1,0.1310445777787959
KCS0173,,1,0.0017750862125767708
CCA0046,,1,0.039752877016083266
PMV0850,,1,-0.0033685702191200706
PKB0281,,1,0.1310445777787959
MIC0726,,1,0.1269285079010058
SDO0170,,1,0.11156395813550851
VAA0087,,1,0.055383477427917216
ELB0847,,1,-0.0644819780364605
SBK0161,,1,0.06474857823833435
ASL0378,,1,0.08415816766839329
TLM0797,,1,0.14168882312691228
SOF0808,,1,0.03384443661875247
SGM0021,,1,0.11156395813550851
MYD0978,,1,0.006851814578417048
FBA0348,,1,-0.01276990992327054
ARL0034,,1,0.11156395813550851
YJF0532,,1,0.07208960613517723
RJM0381,,1,0.043460483513154846
VSS0154,,1,0.1310445777787959
JMW0638,,1,0.05762819129488267
IKR0401,,1,0.08164649154668585
EMS0317,,1,0.11156395813550851
FTM0406,,1,-0.0691267456046124
RAR0725,,1,0.1334145978600516
MNS0224,,1,0.039752877016083266
WVB0539,,1,0.1269285079010058
SSG0250,,1,0.1269285079010058
MLM0950,,-1,-0.10184025627132443
HPH0075,,1,0.1269285079010058
VMJ0546,,1,0.13085717206400194
NLO0131,,1,0.13085717206400194
PES0085,,1,0.1334145978600516
OHC0973,,1,0.1334145978600516
NMF0780,,1,0.1334145978600516
LEM0605,,1,0.14168882312691228
BEC0505,,1,0.14168882312691228
OLF0504,,1,0.14168882312691228
KVS0425,,1,0.13085717206400194
AJR0319,,1,0.11156395813550851
DLS0383,,1,0.08415816766839329
BCR0581,,1,-0.008191885421163558
LDB0090,,1,0.11156395813550851
GAF0570,,1,-0.05932663880567024
NNS0059,,1,0.08164649154668585
JRL0574,,1,0.1310445777787959
NSS0876,,1,0.14168882312691228
SOB0586,,1,0.1310445777787959
DDA0476,,1,0.14168882312691228
DEB0782,,1,0.1334145978600516
OLW0689,,1,0.08164649154668585
MMG0943,,1,0.055383477427917216
RNL0695,,1,0.08164649154668585
LNR0656,,1,0.05762819129488267
AMJ0297,,1,0.13085717206400194
HRL0540,,-1,-0.11788083258594784
DLF0377,,1,0.08415816766839329
MVH0373,,-1,-0.08673789702867007
TPH0474,,1,0.13085717206400194
KCF0045,,1,0.039752877016083266
BIS0247,,-1,-0.12026920789294593
MSS0001,,1,0.037307997570394325
EFS0882,,1,0.1310445777787959
NWK0215,,-1,-0.1547210383614348
PNL0301,,1,0.13085717206400194
CSH0626,,1,-0.04790528845579756
BHW0458,,1,0.13085717206400194
SSH0799,,1,0.07208960613517723
ANM0123,,1,-0.006872385429111061
CAS0507,,-1,-0.08779959558107309
DID0650,,1,0.05762819129488267
KAT0270,,1,0.14168882312691228
TEM0977,,1,0.13085717206400194
SHR0334,,1,0.1310445777787959
JDC0030,,1,-0.029840638285340892
CKP0721,,1,0.1334145978600516
HIA0414,,1,0.13085717206400194
HSP0290,,1,0.13085717206400194
HRW0550,,1,0.13085717206400194
KBB0189,,1,0.08415816766839329
CBB0365,,1,0.039752877016083266
DLH0029,,1,0.1310445777787959
NRO0768,,1,0.1334145978600516
NWT0098,,1,0.14168882312691228
QPM0727,,1,0.1269285079010058
KVT0028,,1,0.1310445777787959
LFS0071,,1,0.13085717206400194
WNB0908,,1,0.1310445777787959
PAD0773,,1,0.043460483513154846
BJH0354,,1,0.14168882312691228
ONW0083,,1,0.1269285079010058
SSJ0784,,-1,-0.13400395775629914
KJP0371,,1,0.039752877016083266
IMB0481,,1,0.14168882312691228
BQS0525,,1,-0.04742146548866866
BTR0403,,-1,-0.0735319994809508
DLM0051,,1,0.0013666960463879496
AHM0410,,1,0.06474857823833435
CHM0821,,-1,-0.10786817452295516
JBM0350,,-1,-0.13524287124825318
JRG0207,,-1,-0.08201654086254906
PLH0862,,1,0.14168882312691228
RCP0785,,1,0.1334145978600516
NSC0597,,1,-0.02331543304315853
AVM0947,,1,-0.05240290651604618
MSZ0310,,1,0.11156395813550851
SDB0106,,1,0.039312953793048555
HAC0282,,1,0.1310445777787959
HSB0196,,-1,-0.12448333654088306
ASB0796,,1,0.14168882312691228
WRM0963,,1,-0.06590627972811225
BRM0995,,-1,-0.11036307051556493
SES0477,,1,0.14168882312691228
JTM0223,,1,0.039752877016083266
RNF0765,,1,0.1334145978600516
GNZ0953,,1,0.1334145978600516
HRB0351,,1,-0.012607903386323671
ZSB0649,,1,0.05762819129488267
ADC0391,,1,0.08164649154668585
PMC0328,,1,0.1310445777787959
ILJ0526,,1,0.07208960613517723
ANT0430,,1,0.06369476384912948
DFH0188,,1,0.0453278277972784
LLV0602,,1,0.1269285079010058
GCR0554,,1,0.13085717206400194
SJO0209,,1,0.0017750862125767708
NGC0058,,1,-0.04710117463263397
YIC0195,,1,0.06474857823833435
EDB0714,,1,0.1334145978600516
LHL0309,,1,0.11156395813550851
HFB0347,,1,0.1310445777787959
EJW0884,,1,0.1310445777787959
CRO0027,,-1,-0.11922500477753994
HKR0628,,1,0.06369476384912948
GTD0116,,1,0.05762819129488267
DSB0731,,1,0.1269285079010058
COF0120,,-1,-0.13700732183530284
HDJ0446,,1,0.13085717206400194
CHG0146,,1,0.1334145978600516
AIH0675,,1,0.08415816766839329
TNM0961,,1,0.055383477427917216
APG0307,,1,0.13085717206400194
RHC0335,,1,0.1310445777787959
CQW0652,,1,0.05762819129488267
HJS0072,,1,-0.009836144230387811
XHW0498,,1,0.14168882312691228
IJW0851,,1,0.14168882312691228
NAR0981,,1,0.14168882312691228
NUL0471,,1,0.13085717206400194
DIB0081,,1,0.07208960613517723
BSS0369,,1,0.039752877016083266
MIB0904,,1,0.1310445777787959
AAF0535,,1,0.1269285079010058
HBB0056,,1,0.14168882312691228
MCJ0324,,1,0.11156395813550851
HDH0928,,1,0.09584146038801417
HXL0968,,1,0.1334145978600516
MOH0273,,1,0.14168882312691228
KNW0644,,1,0.05762819129488267
CGA0629,,1,0.1269285079010058
NMS0280,,1,-0.046638504938086744
THD0448,,1,0.13085717206400194
SPA0141,,-1,-0.16440515214061246
LPC0492,,1,0.07208960613517723
BTN0061,,1,-0.0017768341949587763
HGH0595,,1,0.1310445777787959
BAM0611,,1,0.1269285079010058
KKC0683,,1,0.08164649154668585
BBS0422,,-1,-0.10106169900980977
HDL0748,,1,0.1269285079010058
NRD0548,,1,0.13085717206400194
DCC0160,,1,0.1310445777787959
MES0407,,1,0.13085717206400194
LMF0980,,1,0.11156395813550851
BMM0112,,1,0.1310445777787959
LTS0860,,1,0.14168882312691228
AOK0844,,-1,-0.11548683621557065
ESJ0670,,1,0.043460483513154846
AAF0791,,1,0.14168882312691228
KRL0501,,1,0.14168882312691228
SAC0592,,1,0.1310445777787959
UCS0227,,1,0.08164649154668585
JCR0770,,1,0.1334145978600516
ICS0956,,1,0.1334145978600516
MKW0441,,-1,-0.1061065006934192
TSM0927,,1,0.09584146038801417
OJK0233,,1,0.08164649154668585
SMW0084,,1,0.1269285079010058
BEH0615,,1,0.06369476384912948
ADF0397,,1,0.08164649154668585
NJC0705,,1,0.1334145978600516
BYP0070,,1,0.13085717206400194
JMD0520,,-1,-0.09396732092705162
LAF0991,,1,0.05762819129488267
KBS0874,,1,0.14168882312691228
GHH0288,,-1,-0.0740547817074807
TAC0300,,1,0.13085717206400194
JAJ0849,,1,-0.06226423781521606
NOB0181,,1,0.0453278277972784
DTP0379,,1,0.055383477427917216
CJM0138,,1,0.13085717206400194
FHS0837,,1,0.09584146038801417
CAA0612,,1,0.1269285079010058
ELT0769,,1,0.1334145978600516
KJW0416,,1,0.13085717206400194
CTR0341,,-1,-0.09707384909637362
DIC0988,,1,0.1310445777787959
JJH0292,,1,0.06474857823833435
MJS0890,,1,0.1310445777787959
TOR0193,,1,0.06474857823833435
SCB0534,,1,0.1269285079010058
MDH0686,,1,-0.06687917468236582
JOM0750,,1,0.1269285079010058
BRB0355,,1,0.07208960613517723
MJM0510,,1,0.07208960613517723
KJM0887,,1,0.1310445777787959
CBG0398,,1,0.08164649154668585
RRC0553,,1,0.049384992908504344
TDS0984,,1,0.06369476384912948
LRR0148,,1,0.004904632198640402
ARB0834,,1,0.09584146038801417
KPC0073,,1,-0.04505659194750322
CLB0774,,-1,-0.14143834012301149
VEB0935,,1,0.1334145978600516
MCT0720,,1,0.1334145978600516
JDF0593,,1,-0.020545136127196995
CJG0470,,1,0.13085717206400194
RGG0064,,1,-0.060322418855089266
BXJ0010,,1,0.13085717206400194
WBC0315,,1,0.11156395813550851
CGB0637,,1,0.05762819129488267
CAN0842,,1,0.09584146038801417
HTH0007,,1,-0.023997339377552218
BJM0111,,-1,-0.1416451115654217
MAW0166,,1,0.11156395813550851
PPF0435,,-1,-0.10488877136769237
SEJ0677,,1,0.08415816766839329
ACV0812,,-1,-0.08850684029990397
KWE0082,,1,0.1269285079010058
ECL0930,,1,0.1334145978600516
RHP0484,,1,0.07208960613517723
BAM0636,,1,0.05762819129488267
DDM0579,,1,0.1310445777787959
UIR0043,,1,0.039752877016083266
JCR0172,,1,0.11156395813550851
ATE0869,,-1,-0.1037036936474851
IBS0836,,-1,-0.11916754410688057
DTT0076,,1,0.1334145978600516
PRM0740,,1,0.1269285079010058
FGW0853,,1,-0.05953863520338354
JSH0330,,1,0.1310445777787959
FSB0399,,1,0.08164649154668585
